"Cocktail Name","Bartender","Bar/Company","City","Ingredients","Garnish","Glassware","Preparation","Notes"
"#106 Cocktail","Chelsea Little","Olive Oak","St. Louis","1 oz Chinaco Blanco Tequila, 1 oz Luxardo Bitter Bianco, .5 oz Pear Syrup*, .5 oz Lemon Juice,  pinch Grey Sea Salt","Sage","Coupe","Shake and double strain into a coupe. Garnish with sage.

*Pear Syrup:
-- Pear
-- Sage
-- White Pepper
-- Star Anise",""
"“Prepare for Destiny! Where’s my Pizza?”","Paul Taylor","Cherry Blossom PUB","Washington DC","1 oz Green Hat Spring/Summer Gin, .25 oz Luxardo Maraschino Liqueur, .5 oz Lime, .5 oz Sugar Rich Simple, 1 dash Celery Bitters, 3 oz Fever-Tree Soda","Basil Leaf","Bamboo Highball Glass","Shake everything but soda water. Strain into a bamboo highball, add soda water, add ice, garnish with a basil leaf.",""
"10 to 7","Gabriele Modica","Farina","San Francisco","1 oz No. 209 Gin, 1 oz Luxardo Maraschino Liqueur, 1 oz St. Germain, 1 oz Lemon Juice","Lemon Peel Rind","Martini","Shake and serve up in a martini glass with lemon peel rind.",""
"A Bloody Shame","Brian Means","Dirty Habit","San Francisco","1.5 oz Vodka, .5 oz Luxardo Amaretto di Saschira, .75 oz Blood Orange Vanilla Mint Puree*, .75 oz Lime Juice","Lime Wheel","Coupe","Shaken and strained into a large coupe. Garnish with a dehydrated lime wheel soaked in Angostura Bitters.

*Blood Orange Vanilla Mint Puree:
-- 1 container Boiron Blood Orange Puree (34 oz.)
-- 39 grams Mint (stems and leaves)
-- 1 tsp Vanilla Extract
-- 30 oz White Sugar

Combine all the ingredients except the mint in a pot. 
Bring to a light simmer, stirring to incorporate everything.
Then add the mint and cook for 5 minutes, then remove the pot from the heat and strain through a chinois to remove the mint.
Label and date a container, then place in your fridge. Use within a week.",""
"A Botanical Garden","Danny Louie","Alembic","San Francisco","1.5 oz Hophead Vodka, .75 oz Zirbenz Stone Pine, .75 oz Fresh Strawberry Juice w/ Xanthan Gum*, .75 oz Lemon Juice, .5 oz Simple Syrup","Mint Sprig","Old Fashioned Glass","Combine all ingredients in a shaking tin and give it a short shake, five seconds. Strain into an old fashined glass with three medium sized ice cubes.","*Fresh strawberry juice with xanthan gum for texture and mouthfeel: Set your digital scale to grams. Juice a pint of strawberries. Weigh the rendered liquid from the strawberries. Add .01% grams of xanthan gum to your total weight of rendered liquid and mix with an immersion blender. Fine strain the liquid."
"A Regal Air ","Amy Lewis ","One Sixty Blue","Chicago, Ill","3 oz Domingo Perez Marin 'la Guita' Manzanilla Sherry, .5 oz King's Ginger Liqueur, .25 oz Chartreuse , .25 oz Juice of an Orange","","Martini","Combine these ingredients and roll gently over ice and strain into a martini glass. Top with pumpkin foam.",""
"A Southern Jackass","Julian Miller","Partender","San Francisco","1.5 oz Prichard's Lincoln County Lightning, .5 oz King's Ginger Liqueur, .5 oz Cinnamon-Candied Ginger Syrup*, 3 dash Angostura Bitters,  top Club Soda","Lemon Wheel, Sliver of Cinnamon-Candied Ginger","Old Fashioned Glass","Fill a shaker with an old fashioned glass worth of ice. Add all ingredients except for the club soda. Shake vigorously for 20 seconds, then dump into old fashioned glass. Set lemon wheel and sliver of cinnamon-candied ginger on top then top with club soda.

*Cinnamon Candied Ginger Syrup:
Combine 1/4 lb. peeled ginger root (sliced 1/8"" on a 45-degree bias using a mandolin), 2 cups of water, and 4 cinnamon sticks in a pot (or pan) and bring to cusp of a light simmer. Continue to barely simmer for 30 minutes. Add 1 cup of demerara sugar and stir until fully dissolved. Lower heat and keep just below simmering. Continue to heat until almost all liquid is reduced and remaining sugar is just beginning to caramelize (2-3 hours). Remove from heat and spoon slivers of ginger (along with a generous dollop of now thick syrup) onto a sheet of parchment or wax paper. Let cool for at least 2 hours then store layered on the paper sealed in a ziplock bag. Remove cinnamon sticks and reserve syrup.",""
"A Tall Tell","Brian Means","Dirty Habit","San Francisco","9 oz C. Drouin Calvados Selection, 6 oz Marrakesh Mint Tea, 6 oz Prosecco, 3 oz King's Ginger Liqueur, 2 oz Lemon Juice, 1.5 oz Velvet Falernum, .5 oz Dale DeGroff's Pimento Aromatic Bitters","Orange wheels studded with cloves, Mint sprigs","N/A","Combine all the ingredients except Prosecco. Add a large block of ice or large ice cubes and stir. Top with Prosecco. Garnish with orange wheels studded with cloves and float some mint sprigs in the bowl.",""
"A.Nise","Kate KaiKaew","Osha","San Francisco","1.5 oz Pink Pigeon Rum, .5 oz Luxardo Amaretto di Saschira, .5 oz Osha Falernum, .5 oz Lemon juice, 1 oz Pineapple juice, 3 dash Orange bitters","Star Anise, Lemongrass Slices","Rocks Glass","Add all ingredients into a shaker with ice. Shake. Strain over fresh ice into a rocks glass. Garnish with star anise and two slices lemongrass.",""
"Above My Pay Grade","Brian Means","Dirty Habit","San Francisco","1.5 oz Semper Fi White Whiskey, .75 oz Chateau de Montifaud Pineau des Charentes Rose, .75 oz Tempus Fugit Gran Classico Bitter, 3 dash House-made Citrus Bitters","Orange Twist","Coupe","Stir and strain.","Aged in used Salt Washed Bourbon Barrel for 4 months. Can also be made to order without barrel aging it."
"Amaretto Jello Shot, Why Not","Monica Anderson","Republic Street Bar","Fort Worth","2 cups Boiling water, 6 packages Raspberry Jello packages, 1.25 cup Luxardo Amaretto di Saschira, .25 cup Fresh lime juice, .5 cup Cold water","","N/A","This is a recipe for Jello Shots!",""
"Amaretto Sour BV-Style","Scott Baird","The Bon Vivants","San Francisco","1.5 oz Luxardo Amaretto di Saschira, .5 oz Bourbon, .5 oz Fresh Lime Juice, .75 oz Pineapple Juice, .75 oz Fresh Egg White, 2 dash Angostura Bitters","Cherry, Freshly Grated Cinnamon","Coupe","Add all ingredients to a shaker and shake well without ice to emulsify the egg white. Add ice and shake hard until the drink is chilled. Strain through a fine-mesh strainer into a chilled coupe and garnish.","Cocktail appeared in <a href=""http://imbibemagazine.com/pig-punch-cocktail-series-amaretto-sour/"" target=""_blank"" rel=""nofollow"">IMBIBE EVENTS + PROMOTIONS PIG N PUNCH JUNE 15, 2016</a>"
"An Oaxacan Christmas","Brandon Bigalke","Wingtip","San Francisco","1.5 oz Mezcal, .5 oz Green Chartreuse, .25 oz Campari, 2 dash Regans' Orange Bitters","","N/A","",""
"Apples Grapes","Matt Grippo","Blackbird","San Francisco","1.5 oz Tempus Fugit Kina L'Aero d'Or, 1 oz C. Drouin Pommeau de Normandie, 2 dash Orange Bitters","","N/A","On the rocks with twist.","Vermouth on the Roof 8/2015"
"Baile de Verano","Tyler Chauvin","Treo","New Orleans","2 oz BarSol Perfecto Amor (Aperitif Wine), .5 oz Penny Blue Mauritian Rum, 6 dash Celery Shrub, 3 dash House-made Tarragon Tincture","","Highball Glass","Combine all ingredients in a shaker tin, add ice, and shake vigorously. Double strain with a fine mesh strainer into a highball glass.",""
"Bakko Zengo","Nick Jones","Pabu","San Francisco","1.5 oz Nikka Coffey Grain Whisky, .25 oz House-made Allspice Dram, .25 oz Heavy Cream, .25 oz Simple Syrup, 1  Whole Egg, 2 dash Chocolate Bitters","","N/A","Served in a snifter with grated cinnamon.",""
"Barrel Aged Ginger Negroni","Nusan Brounstein","Fog Harbor Fish House","San Francisco","1 part Junipero Gin, 1 part King's Ginger Liqueur, 1 part Campari, 1 part Sweet Vermouth","","N/A","Mix equal parts of the 4 spirits and age in a 5 liter oak barrel for 30 days. Transfer into glass bottles and rest for a minimum of 3 days. Make giant (2"" x 2"") ice cubes with an orange peel frozen inside. Pour negroni on ice cube and serve.",""
"Basilway Daquiri","Sam Treadway","Backbar","Somerville","1.5 oz Basil-Infused White Rum, .5 oz King's Ginger Liqueur, .25 oz Fresh Lime Juice, .25 oz Luxardo Maraschino Liqueur, 1 bsp, large Grapefruit Sorbet","Basil Leaf","Coupe","Shake with ice and single strain into a coupe glass. Garnish with basil leaf.",""
"Bianco Americano","Matt Grippo","Blackbird","San Francisco","1.5 oz Luxardo Bitter Bianco, 1 oz Tempus Fugit Kina L'Aero d'Or, .5 oz Junipero Gin","Grapefruit Twist, Thyme","N/A","Topped with about 4 oz. of LaCroix Pamplemousse. Garnish with grapefruit twist and thyme.",""
"Bird On","Kelly O'Hare","Small Victory","Austin",".75 oz Tempus Fugit Creme de Menthe Glaciale, .75 oz Tempus Fugit Alessio Vermouth Bianco, .75 oz H by HINE, .375 oz Lemon Juice, .375 oz Lime Juice","Lemon Wedge","N/A","Shake, serve on the rocks, garnish with a lemon wedge.",""
"Bird to Buck","Tiki Dave ","The Usual","Fort Worth","1 1/2 part Pink Pigeon Rum, 1/2 part Benedictine, 1/4 part Orgeat syrup, 1/2 part Lime,  part Fee Brothers Whiskey Barrel Bitters","","N/A","Shake fine and strain on crushed ice. Top with Strong Ginger Beer.",""
"Boko Buku","Tyler Chauvin","Treo","New Orleans","1.5 oz Mezcal, .75 oz Don Ciccio & Figli Concerto, .125 oz Vanilla Marinade, 8 dash Mole Bitters","","Highball Glass","Combine all ingredients in a shaker tin and shake vigorously. Double strain with a fine mesh strainer into a highball glass.",""
"Boomin' Granny","Jillian Vose","Death Co.","New York","1.5 oz H by HINE, 1 oz Granny Smith Apple Juice, .5 oz Fresh Lime Juice, .5 oz Acacia Honey Syrup,  top Sparkling Wine","Granny Smith Apple Fan","Champagne Flute","Shake with ice and fine strain into a champagne flute. Top with sparkling wine and garnish with Granny Smith Apple fan.",""
"Brisa del Sur","Johel Huaman Barbosa  Christian Hurtado","NEAT","Westport","1.5 oz BarSol Selecto Italia Pisco, .5 oz Rocoto passion fruit reduction, .5 oz Fresh lime juice, .5 oz Simple syrup","Cilantro","N/A","Top with Grapefruit soda. Shake and strain into ice filled glass.","Served at the 7 Pisco Brands: 14 Cocktails"
"Buenaventura","Matt Solario","Stookey's Club Moderne","San Francisco",".75 oz BarSol Primero Quebranta Pisco, .75 oz El Tesoro Reposado Tequila, .5 oz Grüner Veltliner, .5 oz Lime, .25 oz Pineapple Gum, 1 bsp Sweet Marmalade","Orange Peel","Cocktail Glass","Combine all ingredients. Shake and strain into cocktail glass. Garnish with an orange peel.",""
"Buster Crusta","Ryan Fitzgerald","ABV","San Francisco","2 oz H by HINE, 1 oz Lemon Juice, .75 oz The Genuine Curacao Liqueur Orange, .5 oz Luxardo Maraschino Liqueur, .5 oz Small Hand Foods Gum Syrup, 1 bsp Luxardo Fernet","","Coupe","Shake, fine strain into chilled frosted coupe, float Fernet.","Featured on Speed Rack 2015 SF Speed City Takeover Baseball Card."
"Canary vs. the Coal Mine","Brian Means","Dirty Habit","San Francisco",".5 oz Old Forester Bonded Bourbon, .5 oz H by HINE, 1 oz Rock & Rye, 1 oz Cocchi Americano Rosa,   Activated Charcoal","Dried Apricot","Old Fashioned Glass","Stir and strain into an old fashioned glass with a large ice cube.",""
"Cap't of the Seven Seas","Tyler Chauvin","Treo","New Orleans","2 oz Ypioca Brasilizar Cachaca Ouro Reserva Especial, 1 oz Jalapeno-Orange Simple Syrup, 1 oz Coconut Milk, 4 dash Orange Flower Water, 9 drops Mole Bitters","","Lager","Combine all ingredients in a shaker tin and shake vigorously. Double strain using a fine mesh strainer. Serve in a lager glass over ice.",""
"Champs Élysées","Rafael Jimenez Rivera","Urchin Bistrot","San Francisco","2 oz H by HINE, .75 oz Lemon juice, .5 oz Green Chartreuse, .25 oz Simple syrup, 2 dash Angostura bitters","Lemon wheel","Coupe","Shake with intent. Double strain in coupe. Garnish with lemon wheel.",""
"Chapman Cobbler","Caitlin Laman","Trick Dog","San Francisco","1 oz Applejack, 1 oz Amontillado Sherry, .75 oz Orgeat, .75 oz Fresh Lemon Juice, 1 bsp Tempus Fugit Creme de Noyaux","Lemon Wheel","Old Fashioned Glass","Combine all ingredients in a shaker tin filled with crushed ice. Flash-shake and dump into a double old fashioned glass. Garnish.","Photo credit: Allison Webber"
"Charente Royale","Kevin Diedrich","Turnkey","San Francisco","1.5 oz H by HINE, .5 oz Elderflower Liqueur, 2 dash Absinthe,  top Sparkling Wine","Orange Twist","Champagne Flute","Combine all ingredients except sparkling wine in a shaker. Add ice and shake until chilled through. Double strain into a champagne flute and garnish with an orange twist.",""
"Cherry Bark Martinez","Josh Trabulsi","Burritt Tavern","San Francisco","2 oz Old Tom Gin, .75 oz Carpano Antica, 1 spoon Luxardo Maraschino Liqueur, 1 dash Angostura bitters, 2 dash Bittercube cherry bark bitters","Star anise, Lemon peel","N/A","Stir and strain into stem. Garnish torched star anise and discarded lemon peel.",""
"Cherry Orchard","Del Prado","Tooker Alley","New York",".5 oz Luxardo Sangue Morlacco Cherry Liqueur, .25 oz Luxardo Maraschino Liqueur, .5 oz Laird's Straight Bonded , 1.25 oz Clear Creek Kirschwasser Eau de Vie, .25 oz Lemon juice, .5 oz Grapefruit juice, .25 oz Simple syrup, 2 dash Peychaud's Bitters","Grapefruit peel","N/A","Shake over ice. Strain into a 6 oz. cocktail glass",""
"Chilcano (variation)","Marvin Allen","Hotel Monteleone","New Orleans","1.25 oz BarSol Primero Quebranta Pisco, .25 oz King's Ginger Liqueur, .5 oz Fresh Lime Juice, .25 oz Agave Nectar, 3-4 drops Cranberry Bitters, 4 oz Ginger Beer","Lime Wedge","Beer Glass","Build in an ice filled 14 oz beer glass, add BarSol Pisco, Ginger Liqueur, fresh lime juice, and agave nectar. Roll into a Boston shaker and shake to mix, place cranberry bitters on top, add ginger beer and garnish with a wedge of fresh lime.","Featured on The Tales of the Cocktail 2016 Carousel Bar Menu"
"Chingerito","Johel Huaman Barbosa Christian Hurtado","NEAT","Westport","2 oz BarSol Primero Quebranta Pisco, 1.5 oz Grape juice, 1 oz BarSol Perfecto Amor (Aperitif Wine), 1 oz Fresh pomegranate juice, .75 oz Cinnamon syrup, .75 oz Fresh lime juice, 4  Grapes","","N/A","Shake and strain into ice filled glass.","Served at the 7 Pisco Brands: 14 Cocktails"
"Classic Lolita","Nick Jones","Pabu","San Francisco","2 oz Nikka Whisky Taketsuru, .5 oz Okinawa sugar, .5 oz Soda, 2 dash Orange Bitters, 2 dash Old Fashioned Bitters","Orange Peel","Crystal Rocks","Muddle Okinawa sugar with bitters. Add whisky and stir. Top with soda.","Classic Lolita is inspired by an Old Fashioned, substituting Nikka Japanese Whisky and the addition of okinawa sugar adds a nice character. Okinawa sugar is more like a molasses and like its name, it comes from the island of Okinawa. Lolita is a Victorian style that was very popular in Japan for some time, the look was very 'Old Fashioned' hence the name for the cocktail."
"Cocao Martini ","Zachary Brian Taylor","Ziryab","San Francisco","2.5 oz Karlsson's Gold Vodka, .5 oz Ginger Brown*, 4 dash Hella hula bitters, 3 beans Cocao beans","Cocoa bean","Martini","Muddle 3 cacao beans in a mixing glass, add vodka, ginger-brown sugar, and Bitter Beast Hella Hula bitters. Add ice and vigorously shake to incorporate cacao flavor. Fine strain into a martini glass. Garnish with a cocao bean.","*Ginger-Brown
Make a 2:1 brown sugar syrup and steep freshly chopped ginger root in for 24 hours. Strain."
"Cock-tail","Keli Rivers","The Devil's Acre","San Francisco","1.5 oz Junipero Gin, .75 oz Tempus Fugit Alessio Vermouth di Torino Rosso, .25 oz Drambuie, .25 oz Rich Brown Sugar Simple Syrup*, 4  Large Pieces Candied Ginger, 3 dash Angostura Bitters","","Coupe","Shake all ingredients and strain into a coupe glass. Express a lemon peel over the drink and discard.

*Rich Brown Sugar Simple Syrup: 
-- 2 cups Brown Sugar
-- 1 cup Water

Combine sugar and water in a small saucepan over medium heat and stir until sugar dissolves. Remove from heat, let cool to room temperature and transfer to a clean glass jar. Cover and keep refrigerated for up to 2 weeks.","Junipero Gin 20th Anniversary Signature Cocktail"
"Coffee Clove","Anthony Parks","Mourad","San Francisco","1.5 oz Nikka Coffey Grain Whisky, .75 oz Manzanilla Sherry, .75 oz Orange Liqueur, 2 dash Clove Tincture","","Nick & Nora","Stir. Strain into Nick & Nora glass. Mist of Pipe Tobacco Tincture.",""
"Conference","Brian Miller","Death Co.","New York",".5 oz H by HINE, .5 oz Rye Whiskey, .5 oz Bourbon, .5 oz Calvados, 1 tsp Demerara Syrup, 2 dash Angostura Bitters, 1 dash Bittermens Xocolatl Mole Bitters","Lemon Twist, Orange Twist","Double Rocks Glass","Stir all the ingredients over ice, then strain into a double rocks glass over 1 large ice cube. Garnish with a lemon twist and orange twist.
",""
"Cove","Takumi  Watanabe","The Sailing Bar","Japan","1 oz Nikka Whisky Taketsuru Pure Malt 12 YO, 1 oz Cynar, 1 oz Mancino Vermouth Secco, 1 tsp Regans' Orange Bitters No. 6","Orange twist","N/A","",""
"Creek Ran Dry","Brian Means","Dirty Habit","San Francisco","1 oz Pear Brandy, 1 oz Dry Vermouth, .5 oz Chateau de Montifaud Pineau des Charentes Blanc, .5 oz Dolin Genepy","Orange Twist","Coupe","Barrel aged for 5 months in a used bourbon barrel.

Stir with ice and strain into a small coupe. Garnish with an orange twist.",""
"Creole","Kevin Diedrich","BDK Restaurant Bar","San Francisco","1.5 oz H by HINE, .75 oz Clement Creole Shrubb, .75 oz Fino Sherry, 2 dash Orange Bitters","Lemon Twist","Martini","Stir. Strain into martini glass. Garnish with lemon twist.","Featured on Speed Rack 2015 SF Speed City Takeover Baseball Card."
"Croatia Firing Squad","Ken Luciano","The Forgery","San Francisco","1 oz Luxardo Bitter Bianco, 1 oz Lillet Blanc, 1 oz No.3 London Dry Gin, .5 oz Rose Wine","Rose Petal","N/A","Build cocktail in glass, add ice and stir. Garnish with rose petal.",""
"Cullerton Street","Julia Momose","GreenRiver","Chicago","2 oz Barley Tea-Infused Nikka Coffey Grain Whisky*, .25 oz Verjus Blanc, .25 oz Kummel Liqueur, .75 oz Pineau des Charentes, 1 tsp Demerara Sugar Syrup","Fukujinzuke Spray, Lemon Expression","Double Rocks Glass","Stir. Add ice cube.

*Barley Tea-Infused Nikka Coffey Grain Whiskey:
-- 10 g. Barley Tea (1 package)
-- 750 mls. Nikka Coffey Grain Whisky
In a cambro, empty a bottle of Nikka Coffey Grain Whiskey, add 1 package of barley tea.
Steep for 30 minutes at room temperature.
Strain and store.",""
"Day For Night","Eric Quilty","Bon Marché","San Francisco","1.5 oz C. Drouin Calvados Selection, .5 oz La Quintinye Vermouth Rouge, .25 oz Pedro Ximenez Sherry, .25 oz Cannella Cinnamon Cordial, 1 dash Angostura bitters","Orange coin studded with 2 cloves","Nick & Nora","Stir and strain into a chilled Nick and Nora glass. Garnish with a clove(2) studded orange coin.",""
"Delicious Sour","Ken Luciano","The Forgery","San Francisco","2 oz C. Drouin Calvados Selection, .75 oz Lemon Juice, .75 oz Giffard Abricot du Roussillon, .5 oz Egg White","Lemon Twist","Coupe","Dry shake. Add ice, shake. Double strain into a frozen coupe glass. Garnish with lemon twist or dehydrated apple slice.",""
"Dirt Nap","Brian Means","Dirty Habit","San Francisco","1.5 oz Noilly Prat Dry Vermouth*, .75 oz Oloroso Sherry, .75 oz King's Ginger Liqueur","","Nick & Nora","Stir with ice and serve in a Nick and Nora glass (slimmer version of a coupe).","*Noilly Prat Dry Vermouth- Infused with Porcini Mushroom"
"Doitashimashie","Nick Meyer","The Soigne Group","Los Angeles","2 oz Nikka Coffey Grain Whisky, .25 oz Demerara Syrup, 1 dash Angostura bitters","Orange Twist, Mint","Old Fashioned Glass","",""
"Don't Rock the Boat Punch","Kevin Martin","Eastern Standard","Boston","1 part No.3 London Dry Gin, 1 part Rooibus Tea (steeped and cooled), 1 part Mulled Cider (cooled), .5 part Clover Honey Syrup, .33 part Cava,   Angostura","","N/A","Combine ingredients into a chilled punch bowl, ice and dilute appropriately, garnish seasonally.",""
"Double Trouble","Ryan Hall","The Treasury","San Francisco","1.5 oz Junipero Gin, 1 oz Strawberry & Black Pepper Shrub*, .75 oz Hidalgo La Gitana Manzanilla Sherry, .5 oz Lemon Juice , few drops Peychaud's Bitters","Mint Leaf","Pilsner Glass","Shake with ice and strain into a footed pilsner glass. Add a few drops of bitters. Garnish with a mint leaf. 

*Strawberry & Black Pepper Shrub:
-- 1 cup Sliced Strawberries
-- 1 cup Granulated Sugar
-- 1 cup Champagne Vinegar
-- 1 handful of Black Balinese Peppers

Combine all ingredients in a medium bowl. Using a potato masher or a wooden spoon, mash the berries so they release their juices. Stir until the sugar has mostly dissolved and refrigerate overnight.
The next day, remove the mixture to a saucepan and heat gently over medium-low heat. Do not bring to a simmer--you simply want to heat the mixture to coax the sugar to dissolve.
Strain the shrub through a fine mesh strainer. If desired, strain again through a coffee filter. Refrigerate.","Junipero Gin 20th Anniversary Signature Cocktail"
"Down the Rabbit Hole","Elmer Mejicano","Tony's Pizza Napoletana","San Francisco"," oz Junipero Gin,  oz Lemon,  oz Elder Flower Liquor,  oz Honey Syrup,  oz Carrot Juice","Mint Leaves","Collins","Add all ingredients into a shaker, shake strain into a collins glass, fill with crushed ice, garnish with mint leaves.",""
"Eat, Drink and Be Cherry","Paul Taylor","Cherry Blossom PUB","Washington DC",".75 oz Nikka Coffey Grain Whisky, .75 oz Luxardo Sangue Morlacco Cherry Liqueur, .5 oz Mendolera, .5 oz Cane Sugar, .5 oz Lemon, 3 oz Fever-Tree Soda","3 Cherries Picked ","Bamboo Highball Glass","Shake everything except for the soda water, strain into bamboo highball, add soda, add ice, garnish with 3 picked cherries.",""
"El Mustavo","Coly Den","The Must","Los Angeles","2 oz Mezcal, 1 oz Tempus Fugit Alessio Vermouth Chinato, 1 oz Campari, 2 dash Rhubarb Bitters, 2 dash Orange Bitters","Birch Smoked Sea Salt Rim, Bow Tie Orange Peel","N/A","Stir all ingredients and pour over 2-inch single ice cube. Garnish with birch smoked sea salt rim and bow tie orange peel.",""
"Endless Summer","Chad Philips","Surfcomber","Miami","1.5 oz Ypioca Brasilizar Cachaca Prata Reserva Especial, .75 oz Luxardo Bitter, .25 oz Luxardo Maraschino Liqueur, .75 oz Lemon Juice, 1 dash Lemon Bitters","","Coupe","Served up in a coupe glass.",""
"Far From the Tree","Brian Means","Dirty Habit","San Francisco","1.5 oz C. Drouin Calvados Selection, .75 oz Orgeat, .5 oz Lemon Juice, 1 oz Pear & Celery Puree, .5  Egg white","Aged Kaffir Lime Zest","Fizz Glass","Dry Shake (no ice), Wet Shake (with ice) & Double Strain.",""
"Farmer's Gold","Calvin Marty","Best Intentions","Chicago","2 oz Karlsson's Gold Vodka, .75 oz Fresh Lemon Juice, 1 oz Simple Syrup (1:1), 3 dash Regans' Orange Bitters, 5 large Basil Leaves, 16 whole Black Peppercorns","Lemon Swath, Basil Leaf","Cocktail Glass","Muddle 4 basil leaves, 16 peppercorns and simple syrup in shaker tin. Add all other ingredients except final basil leaf. Add ice. Shake vigorously. Fine strain into chilled cocktail glass. Express lemon oil from lemon swath over drink. Garnish with lemon swath and final basil leaf.",""
"Fiery Clydesdale","Lucia Stucki","Mora Bar Kitchen","United Kingdom","1.5 oz Pusser's Blue Label Rum , .5 oz King's Ginger Liqueur, .5 oz Ginger Syrup, .25 oz Lime Juice,  top Homemade Pink Grapefruit Soda","Dehydrated Grapefruit Wheel, Fresh Root Ginger Slice","Highball Glass","Wet shake all ingredients except grapefruit soda, pour over ice and top with grapefruit soda. Rim glass with grapefruit demerara. Add dehydrated grapefruit wheel and slice of fresh root ginger for garnish.",""
"Fizzy Rhubarb Mule","Tom Cavazos","The Cedars Social","Dallas","2 oz Rhubarb Infused Gin*, .5 oz King's Ginger Liqueur, .75 oz Lemon, .75 oz Simple Syrup , 1  Egg White,   Soda","Rhubarb Stalk","Collins","Combine all ingredients except soda in a tin and dry shake. Add ice and shake vigorously. Add soda into a collins glass and slowly strain the drink over it until it forms a head. Garnish with one rhubarb stalk.

*Rhubarb Infused Gin:
750 ml of gin with 3 chopped stalks of fresh rhubarb for 48 hours",""
"Flight to Peru","Sam Treadway","Backbar","Somerville","1.5 oz BarSol Selecto Italia Pisco, 1 oz Fresh Grapefruit Juice, .25 oz Simple Syrup, .25 oz Luxardo Maraschino Liqueur, 1 dash Chocolate Mole Bitters","Luxardo Cherry, Grapefruit Peel","N/A","Shake and serve up. Garnish elaborately with a Luxardo Cherry and a grapefruit peel.",""
"Floral Summer","Duane Fernandez","ACME","New York","1.5 oz No.3 London Dry Gin, .5 oz Honey syrup , .75 oz Fresh lemon syrup ,   Tarragon leaves,   Lavender bitters ","","Martini","Shake and strain into a martini glass.",""
"Fourth Generation","Ken Luciano","The Forgery","San Francisco","1.5 oz Mezcal, .25 oz Luxardo Espresso Italian Liqueur, .75 oz Luxardo Bitter Bianco, 2 dash Salted Chocolate Bitters","Ghost Orange Twist","Nick & Nora","Add all ingredients in a mixing glass and stir with ice. Strain into a Nick & Nora coupe. Garnish with a ghost orange twist.",""
"French Maid","Jim Meehan","PDT ","New York","1.5 oz H by HINE, 1 oz House Ginger Beer, .75 oz Lime juice, .75 oz Simple syrup, .25 oz John D. Taylor's Velvet Falernum, 3  Cucumber wheels, 8  Mint leaves, 1  Mint sprig","Fresh mint sprig, Cucumber wheel","N/A","Add the cucumber, mint and simple syrup to a mixing glass and muddle. Add everything else, then shake with ice and strain into a Collins glass filled with ice. Garnish with a mint sprig poking through a cucumber wheel.",""
"Full of Bologna","Brian Means","Dirty Habit","San Francisco","1 oz C. Drouin Calvados Selection, 1 oz Luxardo Amaro Abano, .75 oz Pear Watercress Puree, .75 oz Lemon Juice","Mint Oil","Coupe","Shaken and strained into a large coupe. Mint oil is house-made and used as a garnish.",""
"Georgia Old Fashioned","Andy Minchow","Ration Dram","Atlanta","2.5 oz Nikka Coffey Grain Whisky, .25 oz Tippleman's Barrel Smoked Maple Syrup, 2 dash Regans' Orange Bitters, 5 dash Angostura Bitters, 1 disc Orange, 1 disc Lemon, 1 slice Peach","","N/A","Muddle fruit, bitters and syrup. Add ice (1 large cube if available). Top with Whisky. Long stir.",""
"Gin Made Me Do It","Karri Cormican","Wildhawk","San Francisco","1 oz Junipero Gin, 1 oz C. Drouin Calvados Selection, 1 oz Vermouth del Professore, 2 dash Angostura Bitters, 1 dash St. George Absinthe","Fresh Fennel Flowers","Martini","Build all ingredients in a mixing glass, add ice and stir. Strain into a chilled martini glass and garnish with fresh fennel flowers.","Junipero Gin 20th Anniversary Signature Cocktail"
"Goat Town Swizzle","Clint Rogers","Henri","Chicago","1 oz Old Potrero Straight Rye Whiskey, .5 oz Luxardo Apricot Liqueur, .33 oz Luxardo Fernet, .75 oz Lemon juice, .5 oz Homemade orgeat, 4 dash Angostura bitters, 3 dash Fee Bros Orange bitters","Mint sprig, Lemon peel","Collins","In a collins glass, add ingredients beginning with orgeat and ending with rye. Fill glass half full with minted crushed ice. Begin ""swizzling"" cocktail with stick until cocktail is blended and ice forms on outside of glass. Top with more minted crushed ice and garnish with lemon and mint.",""
"Gold Rush","Leilani Brennan","Southside Spirit House","San Francisco","3  Basil Leaves, 1.5 oz Karlsson's Gold Vodka, .75 oz Pineapple Juice, .5 oz Simple Syrup, .5 oz Sweet Vermouth, .5 oz Lime Juice , .5 oz Egg White, 1 dash Angostura Bitters","Basil Leaf","Coupe","Put basil leaves in mixing glass. Gently muddle the leaves. Add all ingredients except the bitters or ice. Dry shake the cocktail vigorously. Add the ice and shake again vigorously. Double strain into a coupe. Add a few drops of angostura on top, add cracked pepper, slap one single basil leaf on top for garnish.",""
"Happiness","Danny Louie","Mister Jiu's","San Francisco","1.5 oz Jasmine Tea/Rice-Infused Junipero Gin*, .75 oz Leopold Bros. Sour Apple Liqueur, .75 oz Lime, .5 oz House-made Honey Syrup**, .25 oz Lo-Fi Gentian Amaro","Edible Flower","Coupe","Add all ingredients in a cocktail shaker, shake, fine strain into a chilled coupe or martini glass. Garnish with edible flower.

*Jasmine Tea/Rice-Infused Junipero Gin:
-- 1 bottle (750ml) Junípero gin
-- .5 cup Jasmine Tea
-- .5 cup Jasmine Rice (wash rice to eliminate starch)

Sous Vide Version: Wash the jasmine rice to clean out the starch. Fill container with hot water. Set sous vide at 52c. Add vacuum seal bag with jasmine tea/rice in bath. Let sit in bath for 45 minutes. Take the bag out of bath and sit it in ice bath for 15 minutes. Open bag and fine strain back into bottle.

Infusion Version: Wash the jasmine rice to clean out the starch. In a cambro/mason jar, add Junípero gin and jasmine tea and rice. Let infuse for 24 hours. Fine strain into bottle.

**House-made Honey Syrup: 

Put equal parts of honey (10 oz) and water (10 oz) in a saucepan. Boil, then turn down to a simmer and stir until the honey is completely dissolved.","Junipero Gin 20th Anniversary Signature Cocktail"
"Heard It Through The Grapevine","Jeramy Campbell","Juliet Ristorante","Austin","1.5 oz H by HINE, .75 oz Graham's 20 Year Tawny Port, .5 oz Tempus Fugit Kina L'Aero d'Or, .33 oz Velvet Falernum, .25 oz Benedictine","Orange Zest","Nick & Nora","Combine all ingredients and stir. Pour the mixture into a chilled Nick & Nora glass and garnish with the orange zest.",""
"Heart Breaker","Sother Teague","Amor y Amargo","New York","1.5 oz Bonded Rye, .5 oz Luxardo Amaro Abano, .5 oz Punt e Mes, 7 dash Angostura Bitters","Lemon Twist","Cocktail Glass","Pour all ingredients into a mixing glass with ice. Stir to chill and dilute. Strain into a chilled cocktail glass. Express the oil from the twist over the drink and discard.",""
"Hibiscus Pisco Sour","Naren Young","Saxon Parole","New York","2 oz BarSol Primero Quebranta Pisco, .75 oz Lime juice, .75 oz Hibiscus/rose syrup, 1  Egg white","","Coupe","Dry shake, add ice and shake again. Strain into a coupe glass.",""
"Hippi Hill","Karri Cormican","Comstock Saloon","San Francisco","1.5 oz Hophead Vodka, .75 oz King's Ginger Liqueur, .5 oz Lime Juice, .5 oz Cranberry Juice","Lime Wheel","Coupe","Shake, fine strain into chilled coupe. Garnish with lime wheel.","Featured on Speed Rack 2015 SF Speed City Takeover Baseball Card."
"Holland House","Jason Patz","Union Lodge No.1","Denver","1 oz Genever, 1 oz Luxardo Maraschino Liqueur, .5 oz Dry Vermouth, .5 oz Lemon Juice, .5 oz Pineapple Gomme Syrup","Lemon Peel, Pineapple","Cocktail Glass","Shake. Serve up. Garnish with lemon peel/pineapple.",""
"Hotaling Old Tom Gin","Enrique Sanchez","The Commissary","Los Angeles","1.5 oz Old Tom Gin, .5 oz 7-Spice Syrup*, .75 oz Lemon Juice, 1.5 oz Fever-Tree Tonic","Orange Peel, Star Anise","Stemless Wine Glass","Garnished with orange peel and star anise. Served over the rocks in a stemless wine glass.

*7-Spice Syrup:
-- Pink Peppercorn
-- Star Anise
-- Sumac
-- Cinnamon
-- Nutmeg
-- Coriander
-- Cardamom",""
"I'm Only Happy when it Rains","Carlo Splendorini ","Michael Mina Restaurant Group","San Francisco","1 1/2 oz Old Potrero Straight Rye Whiskey, 3/4 oz Hirsh Pinot Noir Reduction, 1/4 oz Luxardo Sangue Morlacco Cherry Liqueur, 3/4 oz Lemon Juice ","","N/A","Shake, double strain into a Burgundy Glass.",""
"Im(pear)ed Fashioned","Ashley Wacker","Wish Bar","San Francisco","2 oz BarSol Pisco, .5 oz Pear Brandy, .5 oz House-made Organic Pear Syrup, .5 oz Fresh Lemon","Nutmeg, grated","N/A","",""
"Improved Calvados Cocktail","Thad Vogler","Trou Normand","San Francisco","2 oz C. Drouin Calvados Selection, 1 bsp Benedictine, 1 bsp Green Chartreuse, 1 bsp Small Hand Foods Gum Syrup, 2 dash Angostura Bitters","Orange Peel","Double Rocks Glass","Stir to 35 °F, strain into a double rocks glass over an angled ice wedge. Garnish with orange peel.","Featured on Speed Rack 2015 SF Speed City Takeover Baseball Card."
"In HINEsight","Brian Means","Dirty Habit","San Francisco","1.5 oz H by HINE, 1 oz Luxardo Bitter, .5 oz Quady Muscat Wine","Orange Peel","Old Fashioned Glass","Stir and strain into an old fashioned glass. Large ice cube.","Aged for 3 months in a used Rye Barrel that previously held a cocktail with Tequila and All Spice. Can also be made to order without barrel aging it."
"IPA Mule","Jon Ruiz","AMK Kitchen Bar","Chicago","1.5 oz Hophead Vodka, .5 oz Ginger Liqueur, .75 oz Lime Juice, .5 oz Pure Cane Simple Syrup, 2 count Deschutes Fresh Squeezed IPA (from tap)","Mint","Tin Cup","Add all ingredients except beer into shaker tin, shake vigorously for 10 seconds. Add beer in shaker tin then double strain into tin cup. Add mint for garish.",""
"Iron Fist in a Velvet Glove","Brian Means","Dirty Habit","San Francisco","1.25 oz Lillet Rose, .75 oz BarSol Primero Quebranta Pisco, .75 oz Prata Cachaca, .25 oz Velvet Falernum","Grapefruit Twist","Nick & Nora","Stir with ice and strain into a Nick & Nora glass. Garnish with a grapefruit twist.",""
"Jammie Dodger Fizz","Laura Maddox","Small Victory","Austin","2 oz H by HINE, .5 oz Tempus Fugit Creme de Noyaux, .5 oz Orgeat, .375 oz Lemon, .375 oz Lime, 1 oz Heavy Whipping Cream, 1  Egg White","Orange Wheel","Collins","Combine all ingredients and shake thoroughly without ice for several minutes. Add ice, shake, and strain into a tall collins glass. Top with soda and garnish with an orange wheel.",""
"Japonais No.3","Bruce Cole","Japonais","Chicago","1.5 oz No.3 London Dry Gin, 1 oz King's Ginger Liqueur, 1 oz Orange juice, 1 dash Simple syrup, 2  Cucumber slices, muddled, 2  Raspberries, muddled","Candied Ginger Stick","Highball Glass","Muddle two cucumber slices, two raspberries and simple syrup in a highball, add ice. Shake gin, ginger liqueur and orange juice with ice. Strain into highball glass.  Garnish with a candied ginger stick.",""
"Julia's Child","Calvin Marty","Best Intentions","Chicago","1 oz Broker's Gin, 1 oz Karlsson's Gold Vodka, 2 oz Celery Root Puree, .5 oz Fresh Lemon Juice, .75 oz Simple Syrup, 3 dash Apple Bitters, 1 dash Angostura Bitters","Celery Leaf","Cocktail Glass","Add all ingredients to a shaker and shake with ice, then double strain into a cocktail glass. Garnish with a celery leaf.",""
"Junipero Jolly","Carlos Yturria","The Treasury","San Francisco","1 oz Junipero Gin, .5 oz Lemorton Pommeau de Normandie, .75 oz House-made Green Apple Purée*, .75 oz Lemon Juice, .5 oz Honey Syrup","Sage Leaf","Collins","Shake all ingredients. Serve over crushed ice in a collins glass. Garnish with a sage leaf.

*Substitute with Perfect Puree Green Apple flavor","Junipero Gin 20th Anniversary Signature Cocktail"
"Just Beet It","Sarah Ruiz","Dirty Habit","San Francisco","1.5 oz Junipero Gin, 1 oz Beet Thyme Reduction*, .5 oz Licor 43, .5 oz Lemon Juice, .5  Egg White","Candied Thyme","Coupe","Shaken without ice, then with ice and strained into a large coupe. Garnished with candied thyme.

*Beet Thyme Reduction
-- 520 grams raw beets 
-- 344 grams honey
-- 2 oranges peeled (just the peels)
-- 2 sprigs of thyme
-- pinch of salt

Juice beets, add honey and let dissolve and cook for 15 mins. 
Add thyme and simmer for 5 more mins. 
Strain through a chinois into a container and then place in the fridge.
This makes 1 quart, so multiply as needed.
Use within 1 week.",""
"Kind of Fancy","Jacques","Wildhawk","San Francisco","1.5 oz H by HINE, .75 oz Wild Turkey 101 Rye, .5 oz Bin 27 Port, .25 oz Yellow Chartreuse, 2 dash Mole Bitters","Dukes Orange Twist","Canadian Glencairn Glass","Stir ingredients with ice and strain into Canadian Glencairn glass.",""
"King's Mule","Daniel Romero","Miles","Brooklyn","1.5 oz Absolut Vodka, .5 oz King's Ginger Liqueur, 1 oz Fresh Lemon Juice , 1 oz Ginger-Cinnamon Syrup*, 2 dash Bar Keep Lavender Spice Bitters,  top Club Soda","Lemon Twist","Collins","Combine vodka, ginger liqueur, lemon juice, ginger-cinnamon syrup and bitters in tins with ice and shake. Double strain into collins glass over fresh ice and top with club soda.

*Ginger-Cinnamon Syrup: 
Equal parts demerara sugar, clover honey, fresh ginger juice, water. Combine demerara sugar and clover honey and top with boiling water. Stir to dissolve. Once cooled add fresh ginger juice and stir to mix.",""
"La Batida Loca","Paul Sauter","Tippling Hall","Chicago","2 oz Ypioca Brasilizar Cachaca Prata Reserva Especial, 1.5 oz Sweetened Condensed Milk, 1 oz Passion Fruit (fresh or puree), .5 oz Pilon Syrup*","Passion Fruit Seeds","Collins","Add all of the ingredients, except seeds, to a shaker with ice and shake well. Double strain onto fresh ice into a collins glass. Garnish with 1 spoon of passion fruit seeds.

*Pilon Syrup:
Homemade 50/50 simple syrup using Pilon Sugar made from Mexican Sugar Cane.",""
"La La Land","Jaymee Mandeville","Drago Centro","Los Angeles","1.5 oz Karlsson's Gold Vodka, .5 oz Aperol, .5 oz Raspberry/white pepper syrup, .5 oz Fresh lemon juice, .5 oz Fresh cucumber juice, 4-5 pc Fresh mint, 2 dashes Celery bitters","Cucumber slices","Old Fashioned Glass","In a mixing glass muddle mint, add all other ingredients and ice, shake, fine strain into a double old fashioned glass over fresh cracked ice. Garnish with cucumber slices and raspberries.",""
"La Maracuja","Luis Hernandez","White Oak Tavern","New York","2 oz Ypioca Brasilizar Cachaca Prata Reserva Especial, 1.5 oz Fresh Passion Fruit, 1 oz Condense Milk, .25 oz Brown Sugar Syrup (2:1)","Mint Sprig, Fresh Grated Nutmeg","N/A","Add all ingredients to blender and blend throughly. Double strain into a glass with cracked ice garnish with a mint sprig and fresh grated nutmeg.",""
"Last Samurai","Nate Matson","Mizu Izakaya","Denver","1 oz Vodka, 1 oz Gin, 1 oz Luxardo Maraschino Liqueur, .5 oz Cointreau","Lime Wheel","Cocktail Glass","Shake. Serve up. Garnish with lime wheel.",""
"Le Femme Nikita","Joaquin Simo","Pouring Ribbons","New York","2 oz Nikka Whisky Taketsuru Pure Malt 12 YO, .25 oz Rich Cane Syrup, 2 dash Bittermens Xocolatl Mole Bitters, 2 dash Cinnamon Bitters","Orange Peel","Rocks Glass","Build in rocks glass. Use cylinder ice cube.",""
"Little Ground Tapper","Claire Chad","Tin Roof Drink Community","San Francisco","2 oz H by HINE, .25 oz Small Hand Foods Pineapple Gum Syrup, 1 bsp Luxardo Maraschino Liqueur, 2 dash Angostura Bitters","Orange Peel","Old Fashioned Glass","Build in an old fashioned glass over ice. Garnish with orange peel.","Featured on Speed Rack 2015 SF Speed City Takeover Baseball Card."
"Lonesome George","Jacques","The Forgery","San Francisco","1.25 oz Apricot-Infused H by HINE, 1 oz Napoleon Amontillado, .25 oz Mandarine Napoléon, .5 oz Lazzaroni Amaro","Orange Twist and Discard","Wine Glass","Stir with Ice and strain into a small wine glass.",""
"Long Division","Brandon Weiss","Departure","Denver","1.5 oz Tequila, 1 oz Luxardo Maraschino Liqueur, .5 oz Aperol, .25 oz Lime Juice","Lime Peel","Champagne Flute","Shake. Serve up. Top with sparkling rose. Garnish with lime peel.",""
"Lox","Karen Grill","The Spare Room","Los Angeles","  Glenrothes Vintage Reserve,   Coffee-Infused Lustau East India Solera,   Cinnamon Syrup,   Milk","Cinnamon, Cinnamon Raisin Bagel Chip","N/A","",""
"Lucky No.3","Nick Meyer","The Soigne Group","Los Angeles","1.5 oz No.3 London Dry Gin, 1 oz Luxardo Aperitivo, .75 oz Tempus Fugit Alessio Vermouth di Torino Rosso, 1 dash Grapefruit Bitters, 1 pinch Kosher Salt","Grapefruit Twist","Old Fashioned Glass","",""
"Lux Japanese Lemonade","Carlo Splendorini","Michael Mina Restaurant Group","San Francisco","1.5 oz No.3 London Dry Gin, .5 oz Jummai Ginjo Sake, .25 oz Luxardo Limoncello, .25 oz Dill Cordial, .5 oz Meyer Lemon Juice, .25 oz Yuzu Juice, .5 oz Fresh egg White","Dill","Copita Glass","Dry Shake, add ice and shake for 10 seconds. Double strain into a Copita Glass. Garnish with Dill.",""
"Lux Shandy","Naomi Levy","Eastern Standard","Boston","1 oz Luxardo Aperitivo, .5 oz Lemon Juice, .5 oz Orange Juice, .5 oz Simple Syrup,  top Anchor California Lager","Half Orange Wheel","Highball Glass","Add all ingredients to a mixing glass. Add ice and integration shake. Pour over fresh ice into a highball and top with California Lager. Garnish with a half orange wheel.","First served at Tales of the Cocktail 2014 ""Luxardo CAP Lunch"""
"Luxardo Sour","Adam Fortuna","Artusi","Seattle","1.25 oz Luxardo Amaretto di Saschira, 1 oz Rye Whiskey, 1 oz Lemon Juice, .75 oz Angostura Bitters, 1  Egg White","Lemon Twist","Old Fashioned Glass","Dry shake all ingredients for 20-30 seconds. Then shake with ice. Double strain over fresh ice in an old fashioned glass. Garnish with wide lemon swath.",""
"Mack's Apple","Mariel Bordas","Putnam's Pub Cooker","Brooklyn","1.5 oz Mezcal, .5 oz Fresh Lemon Juice, 1 oz Apple Cider Reduction, .5 oz Cinnamon-Chipotle Syrup*, 1 dash House-made Apple Pie Bitters**","Fresh Cinnamon (Grated)","Old Fashioned Glass","In a mixing glass, add ice and shake with all of the ingredients. Strain over new ice (large sphere ice cube) and serve in old fashioned glass and grate fresh cinnamon over the ice.

*Apple Cider Reduction: Boil apple cider until it reduces in volume by half.

**Cinnamon-Chipotle Syrup: Bring 1 cup sugar, 1 cup water and 3 cinnamon sticks to boil, take off heat and let steep for 20mins, add chipotle powder and mix well.",""
"Mandrake","Brian Means","Dirty Habit","San Francisco","1.5 oz BarSol Primero Quebranta Pisco, 1 oz BarSol Perfecto Amor (Aperitif Wine), .25 oz Leopold Bros. Bitter, .25 oz Velvet Falernum,   Red Hawaiian Salt","Orange Twist","Coupe","Barrel aged in a used bourbon barrel that previously held a cocktail containing Hine Cognac and Luxardo Bitter.

Stir with ice and strain into a small coupe. Garnish with an orange twist.",""
"Mango No. 3","Diego Sanchez","Cocteleria","New York","2 oz No.3 London Dry Gin, .75 oz Lemon Juice, .25 oz Serrano Pepper Syrup*, 1.5 oz Mango Juice, 2 dash Angostura Bitters","Basil","Julep Cup","Serve in a julep cup with crushed ice and basil garnish.

*Serrano Pepper Syrup:
Take 6 serrano peppers. Slice 4 in half, carefully de-vein and seed them (this will take some of the heat away, make absolutely sure to wash your hands after handling the peppers, avoid touching anything unless you've washed your hands), place a skillet on medium to high heat and roast the peppers until they are a little charred. Once charred place in a blender with about 2 cups of water and throw in the 2 remaining fresh serranos (seeds and all). Blend and strain out the solids. Add 1 cup of demarara sugar to the serrano pepper water and stir until it is dissolved.",""
"Match Grip Julep","Jarred Weigand","Death Co.","New York","1.5 oz H by HINE, .5 oz Jamaican Rum, 1 tsp Cacao, 1 tsp Branca Menta, 1 tsp Demerara, 1 dash Mole","","N/A","",""
"Mayahuel's Revenge","Brian Means","Dirty Habit","San Francisco","1.5 oz Chinaco Blanco Tequila, 1 oz Vermut Vermouth, .5 oz Giffard Banane du Brésil, 3 dash Bittercube Jamaican #2 Bitters","Lemon Zest","Coupe","Stir in a mixing glass to chill down and serve up in a coupe with a lemon zest garnish.","* Mixture is barrel aged for 5 months in a used Bourbon Barrel"
"Mayan Mule","BC Hoffman","The Edison","Los Angeles",".5 oz King's Ginger Liqueur, .5 oz Ancho Reyes Chile Liqueur, .5 oz Montelobos Mezcal, .5 oz Aviation Gin, .5 oz Grapefruit Juice, .5 oz Lime Juice, 2 dash Bittercube Bitters Jamaican #2, 2 oz Fever-Tree Ginger Beer","Grapefruit Zest, Lime Zest","N/A","Shake all ingredients. Strain and top with ginger beer. Give it a quick stir. 

Tajin ground ginger and salt rim.",""
"Merry Sherry Cobbler","Josh Trabulsi","Burritt Room","San Francisco","1.5 oz Christmas Spirit, 1 oz Oloroso Sherry, .25 oz Walnut Liqueur, 3 dash Regans' Orange Bitters, 3 dash Pear Bitters","","N/A","Mix ingredients together then pour over crushed ice into a Julep tin. Dust with salt, sugar, and cinnamon.",""
"Mexico Mule","Benedict Simpson","Ancestral Garden Bar Restaurant","New Zealand","1 oz Montelobos Mezcal, .67 oz King's Ginger Liqueur, .5 oz Fresh Lime Juice, 3 oz Apple Cider, .5 oz Monin French Raspberry Syrup","Cinnamon Quill, Small Flowers, Lime Wheel","Julep Cup","Chill cup and place a napkin around it. In the base of the cup put everything except the cider and the raspberry syrup and give a brief stir. Add some crushed ice. Stir vigorously. Top with crushed ice. Add cider. Pour raspberry syrup on top. Garnish with cinnamon quill as a stirrer, some small flowers, and a lime wheel.",""
"Motel Nacional","Nick Meyer","The Soigne Group","Los Angeles","1.5 oz Chinaco Blanco Tequila, .5 oz Luxardo Apricot Liqueur, .75 oz Lime juice, 1 oz Fresh Pineapple juice, .5 oz Simple syrup, 1 oz Soda water","","Collins","",""
"Mother Superior","Alex Quesada","Local Edition","San Francisco","1.5 oz Blanc Vermouth, .75 oz Lemon Juice, .5 oz Junipero Gin, .5 oz Giffard Pamplemousse, .5 oz House-made Yellow Shaw-treuse*, .5 oz Tonic, 2 dash Celery Bitters, 2 dash Coriander Tincture","Fresh Grapefruit Peel","Coupe","Combine all ingredients except for tonic. Shake with ice. Strain into a chilled coupe. Top with the tonic and garnish with a fresh grapefruit peel. 

*Substitute with Yellow Chartreuse Liqueur","Junipero Gin 20th Anniversary Signature Cocktail"
"Mott and Mulberry","Leo Robitschek","Eleven Madison Park","New York","1 oz Luxardo Amaro Abano, 1 oz Old Overholt Rye, .5 oz Demerara Simple Syrup (1:1), .5 oz Lemon Juice, .75 oz Fuji Apple Cider","Apple Fan","Rocks Glass","Shaker and strain into a rocks glass with fresh ice. Garnish with an Apple Fan.",""
"Muddled Mission","Joaquin Simo","Death Co.","New York","1.5 oz Junipero Gin, 1 oz St. Germain, .25 oz Yellow Chartreuse, .75 oz Lemon Juice, 1  Strawberry","Strawberry","Coupe","In a shaker, gently muddle the strawberry. Add the remaining ingredients and shake with ice. Strain into a coupe. Garnish with strawberry.",""
"Nara Mule","Eduardo Val Naval","A Japanese Kirikata","Spain","2  Kumquats, 2  Lychee, 2 oz Bulleit Rye, 1 oz King's Ginger Liqueur, .75 oz Fresh Lemon Juice, .5 oz Simple Syrup, .5 oz Egg White, .5 oz Fever Tree Ginger Beer","Kumquats Skewer, Pansy Petal","Highball Glass","Muddle the kumquats and lychee in a cocktail shaker. Add the whiskey, King's Ginger, lemon juice, syrup and white egg, and shake very hard. Double strain into a highball glass filled with ice spheres.",""
"Nectar of the Amazon","Matt Orth","LARK on the Park","Dallas","2 oz Ypioca Cachaca Prata*, 1 oz Passion fruit juice, 1 oz Condensed milk","Macadamia nut","Highball Glass","Shaken, poured over fresh ice in highball. Garnish with macadamia nut. Coconut shaved rim.","*Kiwi-infused Ypioca Cachaca Prata"
"Negroni Sorbetto","Hung Nguyen","Caffe Dante","New York",".5 oz Junipero Gin, .5 oz Luxardo Bitter, .5 oz Tempus Fugit Alessio Vermouth Bianco, .5 oz Dry Vermouth, 1 scoop Orange Sorbet, 2 drops Bittermens Orange Cream Citrate","Dehydrated Orange Wheel","Coupe","Whisk ingredients in birdie (or tin). Pour into coupe glass and top with Prosecco (1 oz). Garnish with dehydrated orange wheel. Spray orange flower from atomizer.",""
"Neko Colada","Paul Taylor","Cherry Blossom PUB","Washington DC","1 oz Miso washed White Rhum Agricole, 1 oz Cocchi Vermouth di Torino, .75 oz Falernum, .75 oz Coconut Cream, .25 oz Luxardo Amaretto di Saschira, .75 oz Lime, .5 oz Mandarin Orange","Pink Bendy Straw","Tiki Cat Glass","Shake and strain into a tiki cat filled with crushed ice.",""
"Newton's Theory","Brian Means","Fifth Floor","San Francisco","2 oz Nikka Whisky Taketsuru Pure Malt 12 YO, .75 oz C. Drouin Pommeau de Normandie, .25 oz Luxardo Maraschino Liqueur, 4 dash Black Walnut Bitters","apple spheres","Coupe","Combine all ingredients into a mixing glass and add ice. Stir for about 10 seconds and then strain into a chilled cocktail coupe. Garnish with skewered apple spheres and be thankful you're having a cocktail, and not having an apple shot off your head.",""
"Nick Janae","David Ruiz","Harper Rye","San Francisco","1.5 oz H by HINE, .5 oz Luxardo Amaro Abano, .75 oz Fresh Lemon Juice, .75 oz Strawberry Syrup*, .5 oz Egg White","Black Pepper","Coupe","Add cognac, amaro, lemon, strawberry syrup and fresh cracked egg white of a whole egg to tin. Dry shake without ice approx. 5 seconds to emulsify. Add ice and shake hard again approx. 10 seconds. Fine strain into coupe. Crack drag black pepper over surface. Serve and enjoy.

*Strawberry syrup- 1 cup fresh strawberries 1 cup water 1cup sugar. Blend in vitamix then heat on stove and stir until hot to bind sugars, don't boil. Bottle and refrigerate.",""
"Nigamono","John deBarry ","Momofuku","Chicago","2 oz Nikka Coffey Grain Whisky, .75 oz Maurin Quina, .75 oz Luxardo Amaro Abano","Luxardo Cherries","Double Old Fashioned Glass","Stir. Use large ice cube.",""
"No.10","Revae Schneider","Siena Tavern","Chicago","1.5 oz Woodford Reserve Double Oaked, .75 oz Luxardo Bitter, .75 oz Rothman & Winter Orchard Apricot Liqueur, .25 oz Luxardo Maraschino Liqueur","","N/A","",""
"No3","Revae Schneider","Bar Siena","Chicago","1.5 oz Hangar 1 Vodka, .75 oz Lemon Juice, .75 oz Ginger Zest, .5 oz Fragoli Strawberry, .5 oz Luxardo Bitter","Arugula","N/A","",""
"Nori Islay","Anthony Parks","Mourad","San Francisco","1.5 oz Junipero Gin, 1.5 oz Nori-Infused Sake*, 1 dash Celery Bitters, 3 dash Islay Scotch","Picked Cucumber Ribbon","Nick & Nora","Combine all ingredients in a mixing glass, stir, and strain into a chilled Nick & Nora glass. Garnish with a picked cucumber ribbon.

*Nori-Infused Sake: 
-- Ginjo Sake
-- Nori Seaweed Sheet

Using an Oji Style Cold Brew Coffee Maker, drip Ginjo sake through a 0.5 gram of nori seaweed sheet that has been hand-shredded. It takes 3 hours to infuse a 750 ml bottle.","Junipero Gin 20th Anniversary Signature Cocktail"
"Nuestra Julep","David Ruiz","Padrecito","San Francisco","1 oz High West Oat Whisky, .5 oz King's Ginger Liqueur, .5 oz Peach Shrub, .75 oz Lime, 1 dash Angostura Bitters, 1 dash Grapefruit Bitters","Basil Leaf","N/A","Add all ingredients together.","Featured on the Padrecito cocktail menu august (fall) 2015"
"Oaxacan Martini","Gina Scheurte","Cala","San Francisco","2 oz Mezcal, .5 oz Mandarine Napoleon, .5 oz Lime Juice, 1 oz Castelvetrano Olive Brine, 3 dash Fennel Bitters","Xoconostle, Stuffed Castelvetrano Olive","Coupe","Shake all ingredients for 10-15 seconds (over shaking will over dilute) and fine strain into chilled coupe glass. Garnish with Xoconostle (sour prickly pear) and a stuffed Castelvetrano olive.",""
"OH Snap!","Kevin Diedrich","Pacific Cocktail Haven","San Francisco","1 oz Junipero Gin, 1 oz House-made Simple Syrup*, 1 oz Manzanilla Sherry, .75 oz Lemon Juice, 2 dash Absinthe, 6-8  Sugar Snap Peas,  top Tonic","","Collins","Add 6-8 sugar snap peas to cocktail shaker. Lightly muddle the peas. Add all other ingredients except for the tonic. Shake and double strain into a collins glass. Top with tonic. 

*House-made Simple Syrup: 
-- 1 cup Sugar
-- 1 cup Water

Add equal parts sugar and water into a small saucepan, bring to a boil; simmer until the sugar is dissolved, approximately 3 minutes. Remove from heat, let cool to room temperature and transfer to a clean glass jar. Cover and keep refrigerated for up to 2 weeks.","Junipero Gin 20th Anniversary Signature Cocktail"
"On the Fritz","Eric Quilty","Jupiter Olympus","San Francisco","1.5 oz Junipero Gin, .5 oz Chateau de Montifaud Pineau des Charentes Blanc, .75 oz Lemon Verbena Cordial*, .5 oz Lemon Juice,  top Mixwell Young Ginger Ale","Lemon Verbena Leaf","N/A","Shake all ingredients and double strain over fresh ice. Garnish with lemon verbena leaf.

*Lemon Verbena Cordial:
-- Fresh Lemon Verbena 
-- Fresh Mint
-- Grapefruit Peel 
-- Lemon Peel
-- Pure Cane Sugar
-- Citric Acid

Make a fresh herb and citrus peel tea and add sugar and citric acid to taste. Let cool before using.","Junipero Gin 20th Anniversary Signature Cocktail"
"On the Wings of Eagles","Matthew Polzin","The Olde Bar","Philadelphia","1.5 oz H by HINE, .75 oz Rye Whiskey, .75 oz Green Chartreuse, 2 dash Lemon Bitters, 1 splash Fernet-Branca","Mint Sprig","Rocks Glass","Add cognac, rye, Chartreuse and bitters to a mixing glass with ice, and stir until cold. Add splash of fernet to a rocks glass, roll the glass to coat the sides, and discard the excess. Add one large ice cube to the glass, strain the drink over the cube, and garnish with a mint sprig.","Photo credit: liquor.com"
"Palermo Breeze","Lainey Collum","Arthur Ave.","Houston","1.5 oz Luxardo Bitter Bianco, .5 oz Velvet Falernum, .5 oz Lime, .5 oz Passion Fruit Syrup, 2 oz Belstar Sparkling Rose","Basil Flower, Lime Flower","Collins","Shake first 4 ingredients and strain into collins. Top with pebble ice. Top with the rose. Garnish with a basil and a lime flower for aromatics.",""
"Pants off Dance off","Sean Gleason","Biltong Bar","Atlanta",".75 oz BarSol Perfecto Amor (Aperitif Wine), .5 oz Lime Juice, 1 oz Junipero Gin, .5 oz Grenadine, 1 dash Angostura Bitters, 1 drop Bittermens Burlesque Bitters","","N/A","Shake and top with Anchor Steam.",""
"Peachy Keane","Bonnie Wilson","Ida Claire","Dallas","1.5 oz Old Forester Bourbon, .5 oz King's Ginger Liqueur, .5 oz Giffard Crème de Pêche de Vigne, .5 oz Honey syrup (local honey cut 2:1 with water), .75 oz Lemon juice, 1  Egg white, 1 dash Angostura Bitters","Dried peach, Candied ginger","Old Fashioned Glass","Combine all ingredients except the bitters and dry shake. Add ice and shake again. Strain over fresh ice into a double old fashioned glass. Dash bitters over the top of the cocktail. Garnish with a dried peach and a piece of candied ginger.",""
"Peter Pumpkin","John Weyrich","La Mar Cebicheria Peruana","San Francisco","1.5 oz Junipero Gin, .5 oz Orange Liquor, 1.5 oz House-made Spiced Pumpkin Puree, .5 oz Lemon Juice, .5 oz Ginger Syrup, 1  Egg White,  top Apple Cider","Shaved Cinnamon, Nutmeg","N/A","Combine all ingredients in a shaker, except the apple cider. Shake vigorously. Strain over ice. Top with apple cider. Garnish with shaved cinnamon and nutmeg.",""
"Phineas Flip","Morgan Schick","Jupiter Olympus","San Francisco","2 oz English Harbour Rum, .75 oz King's Ginger Liqueur, 1 whole Egg","","Highball Glass","Shake vigorously. Strain into highball glass. Top with Ale. Grated nutmeg.",""
"Piedra de sol","Graham Hunter Gregg","Expatriate","Portland","1.5 oz Mezcal, .75 oz Montenegro Amaro Liquore Italiano, .75 oz Calisaya Liqueur, 2 dash Regans' Orange Bitters No. 6","Lemon Peel","N/A","Stir and garnish lemon peel.",""
"Pineapple Express","Jim Meehan","American Express Centurion Lounge","San Francisco","1 oz Charbay Ruby Red Grapefruit Vodka, 1 oz Vya Dry Vermouth, .75 oz Hophead Vodka, .25 oz Small Hand Foods Pineapple Gum Syrup","Grapefruit Twist","Coupe","Stir with ice and strain into a chilled coupe. Garnish with a grapefruit twist.",""
"Polish Penance","Brian Means","Dirty Habit","San Francisco","1.5 oz House-made Slivovitz (Plum Brandy), 1 oz Chamomile Tea-Infused Noilly Prat Dry Vermouth, .5 oz King's Ginger Liqueur, 3 dash Peychaud's Bitters","Lemon Twist","Etched Rocks Glass","Stir and strain. Hoshizaki ice.",""
"Potrero Hill","Theo Sabatini","Novo Restaurant Lounge","San Luis Obispo","1 oz Junipero Gin, .5 oz White Peach & Orange Chamomile Infused Sweet Vermouth, .5 oz Cinnamon Wineshine Brandy, 1 dash Simple Syrup, .5 oz Grapefruit Juice, .5 oz Lemon Juice, 4 oz Bundaberg Ginger Beer","","N/A","",""
"Prickly Pear Margarita","Edgar Joselino Solis","Matador","San Francisco","2 oz Chinaco Blanco Tequila, 1 oz Lime Juice, .5 oz Prickly Pear Puree, .5 oz Agave","Mint Sprig","Margarita Glass","Mint salt on the rim. Garnish with mint sprig.",""
"Prince of Humbugs","Morgan Schick ","Jupiter Olympus ","San Francisco","2 oz Hirsch Small Batch Reserve Bourbon, .75 oz Luxardo Bitter, .5 oz Cold Blue Bottle Coffee, .25 oz Luxardo Anisette, 2 dash Peychaud's Bitters","Orange Peel","Collins","Build in collins glass. Top with soda. Orange peel.",""
"Pumpkin Pecan","Collin Nicholas","Mourad","San Francisco","2 oz H by HINE, .5 oz Toasted Pecan Syrup, .75 oz Lemon Juice, .5 oz Cynar, 1 bsp Spiced Pumpkin Butter, 2 dash Cinnamon Tincture","Orange Peel","N/A","Shake. Double strain. King cube. Orange peel garnish",""
"Red Hook","Patrick Halloran","Henrietta Red","Nashville","2 oz Rye Whiskey, 5 oz Punt e Mes, .5 oz Luxardo Maraschino Liqueur","","N/A","",""
"Rudolph's Rose","Brian Means","Dirty Habit","San Francisco","1.5 oz Christmas Spirit, .25 oz Luxardo Maraschino Liqueur, .5 oz Chateau de Montifaud Pineau des Charentes Rose, .75 oz Tempus Fugit Gran Classico Bitter","Luxardo Cherry","Coupe","Combine all ingredients and stir with ice in a mixing glass. Strain into coupe glass and garnish with a Luxardo Cherry.",""
"Rx Hot Toddy","Christopher Buono","Walter Foods","Brooklyn","1.5 oz Old Potrero Straight Rye Whiskey, .5 oz Lemon Juice, 2 oz Cold-pressed Apple Cider, 2 oz Hot Water, .5 oz Honey-Ginger Syrup*, 1 tsp Ghost-Pepper-Infused Campari**, 3 dash Cinnamon Tincture***","","Mug","Add ingredients to a mug and stir.

*Honey-Ginger Syrup:
Combine 1 part ginger with 2 parts honey and 1 cup of water and boil. Reduce heat and simmer for 5 mins. Strain and discard solids.

**Ghost-Pepper-Infused Campari:
Soak 1 ghost pepper in a 16 oz. bottle of Campari for up to 24 hrs (reduce infusion time to reduce heat).

***Cinnamon Tincture:
Soak 3 cinnamon sticks in 16 oz. of any neutral grain alcohol that is high proof (regular 80-proof vodka is great) for up to 14 days. Strain and discard the sticks.",""
"Sade's Taboo","Jessica Gonzalez","Death Co.","New York","2 oz H by HINE, .75 oz Cocchi Americano, .75 oz Dolin Rouge Vermouth, 1 dash Bittermens Hopped Grapefruit Bitters","","Coupe","Stir all the ingredients over ice, then strain into a coupe. No garnish.",""
"Sage Sound","Brian Means","Michael Mina Restaurant Group","San Francisco","1.5 oz Junipero Gin, 1 oz White Port, .75 oz Lemon Juice, .5 oz Honey Cinnamon Syrup*, 1  Whole Egg, 8  Muddled Sage Leaves","Whole Star Anise","Coupe","Muddle the sage in a mixing tin. Add the remaining ingredients and dry shake (no ice) for 15 seconds. Add ice and shake another 15 seconds to chill down the drink. Double strain into a large coupe glass. Garnish with a whole star anise floated in the middle of the egg white.

*Honey Cinnamon Syrup:
-- 16 oz Honey
-- 2 Cinnamon Sticks
-- 8 oz Water
Combine all the ingredients together in a pot. Place on the stove and bring to a simmer, stirring the honey so it doesn’t burn and let the pot simmer for 20 minutes. Remove from heat and place on an ice bath. Place in a container and label and date it. Store in the fridge for up to 2 weeks.","Junipero Gin 20th Anniversary Signature Cocktail"
"Sahara Glowing Heart","John Codd","Tradition","San Francisco","1.5 oz Junipero Gin, .75 oz Apricot Eau-de-Vie, .25 oz Grenadine, 2 dash Lemon Bitters, 2 dash Absinthe","Lemon Twist","Nick & Nora","Combine all ingredients in a mixing glass, add ice and then stir. Strain into a Nick & Nora glass and garnish with a lemon twist.","Junipero Gin 20th Anniversary Signature Cocktail"
"San Fran Soda","Devin Hardy","House of Blues Anaheim","Anaheim","1.25 oz Hophead Vodka, .5 oz Fresh Lime Juice,  splash Soda Water,  top Steam Beer","Lemon Wedge","Pint Glass","Pour over ice in a pint glass, then fill with steam beer. Garnish with a lemon wedge and a straw.",""
"San Francisco Harvest","Megan Daniel","Whitechapel","San Francisco","1.5 oz Junipero Gin, .75 oz Oloroso Sherry, .75 oz Lemon Juice, .75 oz Winter Spice Brown Sugar Syrup*, 1 oz Pineapple Juice","Nutmeg","Coupe","Combine ingredients in a shaker with ice. Shake and double strain into a coupe glass. Garnish with nutmeg.

*Winter Spice Brown Sugar Syrup: 
-- 2 qt Brown Sugar
-- 2 qt Water
-- 3 Tbsp Ground Ginger
-- 3 Tbsp Ground Nutmeg
-- 1 Tbsp Clove

Heat and simmer the below ingredients in a medium pot for 15 minutes. Strain with cheesecloth.","Junipero Gin 20th Anniversary Signature Cocktail"
"San Francisco Strong (Skrong)","Matt Grippo","Blackbird","San Francisco",".75 oz Junipero Gin, .75 oz Tempus Fugit Kina L'Aero d'Or, .75 oz Luxardo Bitter Bianco, .75 oz Lemon Juice, .75 oz Egg Whites, .5 oz Rich Simple Syrup*","Matcha Powder","Cocktail Glass","Add all ingredients to tin and dry shake. Add ice and vigorously shake for 12 seconds. Fine strain into chilled cocktail glass. Garnish by sprinkling matcha powder (.25 tsp). 

*Rich Simple Syrup: 
-- 2 cups Granulated Sugar
-- 1 cup Water

Combine sugar and water in a small saucepan over medium heat and stir until sugar dissolves. Remove from heat, let cool to room temperature and transfer to a clean glass jar. Cover and keep refrigerated for up to 2 weeks.",""
"Second City Sour","Patrick Poelvoorde","Park Tavern","San Francisco","2 oz Hirsch Small Batch Reserve Bourbon, 1 oz Fresh Lemon Juice, .5 oz Orange-scented Maple Syrup*, 1 oz Tempus Fugit Alessio Vermouth di Torino Rosso","Lemon Twist","Collins","Combine bourbon, lemon juice, and syrup in a shaker and add cold ice. Shake until chilled well (10-30 sec. depending on the quality of the ice). Strain into a collins glass and slowly pour the vermouth into the glass. Garnish with a lemon twist. 

*Orange-scented Maple Syrup:
combine 6 oz. of grade B maple syrup, 6 oz. filtered water and the peel of 1 orange, with a minimum amount of pith in a non-reactive pan. 
Simmer for 10 mins. Remove from heat and allow it to cool to room temp. before using. 
Syrup will keep for 1 month if refrigerated.",""
"Short Round II","Brian Means","Dirty Habit","San Francisco","2 oz Avuá Prata Cachaça, 2 oz Bacardi Superior Rum, 3 oz Chateau de Montifaud Pineau des Charentes Rose, 2 oz Lime Juice, 1 oz Cannella Cinnamon Cordial, 2 oz Simple Syrup","","Large Antique Vintage Shaker","Build & Stir. Hoshizaki Ice.",""
"Sidecar","Sean Gleason","Biltong Bar","Atlanta","2 oz HINE Rare VSOP, .75 oz Mathilde Orange XO Liqueur, .75 oz Lemon Juice, 1 tsp Demerara Syrup (2:1)","Lime Twist","Coupe","Shake. Strain into a coupe. Garnish with a lime twist.",""
"Sidewinder","Phil Ward","Death Co.","New York","2 oz H by HINE, .5 oz Apple Brandy, .25 oz Benedictine, .25 oz Yellow Chartreuse, 1 dash Vieux Pontarlier Absinthe Francaise Superieure, 1 dash Peychaud's Bitters","","Coupe","Stir all the ingredients over ice, then strain into a coupe. No garnish.",""
"Slow Ride","Sam Wiener","The Bend Liquor Lounge","Miami","1 oz Rittenhouse Straight Rye Whisky, .5 oz Pusser's Rum, .5 oz King's Ginger Liqueur, 2 oz Basic House Lemonade*,  top Abita Big Easy IPA","Lemon Wheel, Flowers","Copper Mug","Shake rye, rum, lemonade, and ginger liqueur. Strain over fresh ice in a copper mug. Top with Abita Big Easy IPA (or similar session IPA). Gently stir.

*Basic House Lemonade:
-- 2 parts Water
-- 1 part Sugar
-- 1 part Lemon Juice",""
"Snow Bunny","Brian Means","Dirty Habit","San Francisco","1.5 oz Christmas Spirit, .5 oz King's Ginger Liqueur, .5 oz Lemon juice, .5 oz Honey syrup, .5 oz Egg white, 2 oz Ale, 3 drops Dale DeGroff's Pimento Aromatic Bitters","Nutmeg, shaved","Fizz Glass","Combine all ingredients besides beer and bitters and dry shake without ice. Add ice and re-shake, double strain into a fizz glass and top with beer. Garnish with shaved nutmeg and 3 drops of bitters.",""
"Solera Sidecar","Joaquin Simo","Death Co.","New York","1.5 oz H by HINE, .5 oz Lustau East India Solera, .25 oz Grand Marnier, .25 oz Luxardo Amaretto di Saschira, .5 oz Lemon Juice, .25 oz Simple Syrup","","Coupe","Shake all the ingredients with ice, then strain into a coupe. No garnish.",""
"Space Age Pop","Misty Kalkofen","Drink","Boston","1 1/2 oz Chinaco Reposado, 1 oz Luxardo Amaro Abano, 1/2 oz Luxardo Maraschino Liqueur, 1/4 oz Fresh Lemon Juice","Orange Oil","N/A","Serve on one big rock.",""
"Spanish GT","Natasha Bahrami","The Gin Room","St. Louis","1.5 oz Junipero Gin, 2 oz East Imperial Superior Tonic ,   Assorted Complementing Botanicals*","Assorted Complementing Botanicals","Large Balloon Glass","Add Junipero Gin and botanicals first. Add ice and follow with a bold tonic. Top with additional botanicals/garnish for presentation.

*Assorted Complementing Botanicals: Orange, Star Anise, Rose Petals, Italian Juniper",""
"Spring Forward","Kim Rosselle","Trick Dog","San Francisco","2 oz Old Tom Gin, .5 oz Noilly Prat Ambre Vermouth, .5 oz Pineapple Juice, .5 oz Lime Juice, .25 oz Rich Simple (2:1), .75 float Dry Sparkling Wine","Edible Flower Petal","Champagne Flute","Combine all ingredients, minus the sparkling wine, into a tin. Shake and double strain into a flute glass. Top with a float of sparkling wine. Garnish with an edible flower petal.",""
"Still Life of a Pineapple","Daniel Braganca","Backbar","Somerville","1.5 oz BarSol Primero Quebranta Pisco, .75 oz Dry Vermouth, .5 oz St. Germain, .25 oz Pineapple Syrup*, 1 bsp Vieux Pontarlier Absinthe Francaise Superieure","","N/A","*Pineapple Syrup:
<em>Equal parts pineapple blended with water and sugar and strained</em>",""
"Strike No.3","Jennifer Costello","Bonneville","Austin","2 oz No.3 London Dry Gin, .5 oz St. Germaine Elderflower Liqueur, .5 oz Orgeat Syrup, .5 oz Fresh Lemon Juice","Luxardo Cherry","Old Fashioned Glass","Shake the ingredients with ice. Strain into an old fashioned glass. Garnish with a Luxardo Cherry.",""
"Stroll Through the Park","Tyler Chauvin","Treo","New Orleans","2 oz BarSol Primero Quebranta Pisco, .5 oz Simple Syrup, .5 oz Orange Juice, .5 oz Lemon, 1 bsp El Guapo Tonic Syrup, 4 dash El Guapo Tonic Bitters, 3  Cucumber Slices, 2  Mint Sprig","Cucumber slice","Collins","Muddle mint and cucumber with the simple syrup in a shaker tin. Combine the remainder of the ingredients in the tin. Shake vigorously. Double strain with a fine mesh strainer into a collins glass. Fill with ice and garnish with a cucumber slice.",""
"Swedish Nightingale","Morgan Schick","Jupiter Olympus","San Francisco","1.5 oz No.3 London Dry Gin, .5 oz Maurin Quina, .25 oz Pineapple Gomme Syrup, 1 bsp Peated Kola Nut Tincture, 2 dash Angostura Bitters","Lemon Peel","N/A","Stir. Strain. Lemon peel garnish.",""
"Tahitian Fix","Kate Bolton","Maven","San Francisco","2 oz BarSol Selecto Italia Pisco, .75 oz Fresh Lemon Juice, .5 oz Vanilla Agave Nectar, .5 oz Pineapple Gomme Syrup, 1.5 oz Seltzer Water","Lavendar Blossom","Collins","Shake all ingredients with ice and fine strain into Collins glass. Top with seltzer water and add lavender blossom garnish.",""
"Temple of the Moon","Nandini Khaund","The Violet Hour","Chicago","1 oz Junipero Gin, 1 oz BarSol Primero Quebranta Pisco, 1 oz Amaro Sibilla, .25 oz Simple syrup,  rinse St. George Absinthe, 3 drops Fee Brothers Orange Flower Water","Mint sprig","Old Fashioned Glass","Stir all ingredients except for Absinthe and Orange Flower. Strain over a chunk/sphere of ice in an old fashioned glass. Garnish with a sprig of mint, with 3 drops of Orange Flower.",""
"Tequila Sunflare","Tyler Chauvin","Treo","New Orleans","1.5 oz Chinaco Blanco Tequila, .75 oz Sage-Cilantro-Lime Syrup,  rinse Montanaro Vermouth , 1  Pomegranate Ice Cube","","Rocks Glass","Pre-freeze pomegranate juice into one large cube. Rinse a glass with Montanaro vermouth. Dump any excess out. Build the remainder of spirits and bitters into a shaker tin. Shake vigorously. Strain over the pomegranate ice cube into a rocks glass.",""
"The 42nd Round","Raul Ayala","Dirty Habit","San Francisco","1 oz Junipero Gin, 5 oz Compas Box Great King Street Blended Scotch Whisky, 1 oz Byrrh Grand Quinquina, .5 oz Anchor Christmas Ale 2016*, 2 dash Bittercube Corazon Bitters, 2 dash The Bitter Truth Orange Bitters","Orange Peel","N/A","Mix all ingredients in a mixing glass and stir for 15-20 secs depending on the type of ice. Strain over a large rock and garnish with an orange peel expressing the oils over the cocktail.

*Anchor Christmas Ale 2016 w/ Honey (reduction) 2:1 (2-parts Beer to 1-part Honey)",""
"The Bossa Nova","Chris Lane","Lolinda","San Francisco","2 oz Chinaco Blanco Tequila, .5 oz Lemon Juice, .5 oz Small Hand Foods Pineapple Gum Syrup, .25 oz Vanilla Syrup*, .5 oz Coconut Cream**, .5 oz Egg White","Cinnamon (Grated)","Rocks Glass","Combine all ingredients in a shaking tin or mixing glass and vigorously shake without ice for 10 seconds. Add ice, and shake for another 8 seconds. Strain over larger ice cube or into a cocktail glass and add freshly grated cinnamon on top.

*Vanilla Syrup: 
Split 1 vanilla pod lengthwise and scrape interior into a heavy sauce pan. 
Add 2 c. raw sugar and 2 c. water. Bring to a simmer and reduce heat to low. 
Cook for 5 mins and stir occasionally. 
Remove from heat and keep unstrained for 24 hrs. 
Strain through a cheese cloth and bottle. Keeps for 2 weeks.

**Coconut Cream:
Combine 1 part Coco Lopez with 1 part rich coconut milk. Mix well.",""
"The Boys of Summer Cup","Alex Smith","Novela","San Francisco","1 oz No.3 London Dry Gin, 1 oz Dolin Rouge Vermouth, .5 oz The Genuine Curacao Liqueur Orange, .5 oz King's Ginger Liqueur, .25 oz Chareau Liqueur, .5 oz Fresh Lemon Juice,  top Fever-Tree Bitter Lemon","Lemon Wheel, Mint Sprig","Collins","Top with Fever-Tree Bitter Lemon. Build in a collins glass full of ice cubes and garnish with a lemon wheel and mint sprig.",""
"The Canevari Cocktail","Jeff Kinder","Bryant's Cocktail Lounge","Milwaukee","1.5 oz Old Tom Gin, 1 oz Cocchi Vermouth di Torino, .5 oz Luxardo Bitter, 3 dash Angostura Bitters","Orange Twist","Cocktail Glass","Combine ingredients, stir until well chilled, and strain in to a cocktail glass. Serve with an orange twist.",""
"The Chief","Ian Scalzo","Horsefeather","San Francisco","1.5 oz Junipero Gin, .75 oz Cocchi Americano, .5 oz Salers Gentiane Aperitif, 2 drops Black Licorice-Infused Angostura Bitters, 1 drop Sea Salt Tincture","Brandied Cherries","Coupe","Stir the first three ingredients and the sea salt tincture over ice. Strain into a coupe glass and add licorice-infused Angostura Bitters. Garnish with 3 brandied cherries.","Junipero Gin 20th Anniversary Signature Cocktail"
"The Commissioner's Trophy #3","Saul Ranella","Hog Island Oyster Co.","San Francisco","1.5 oz No.3 London Dry Gin, 1 oz Amaro, .5 oz BarSol Perfecto Amor (Aperitif Wine), .5 oz Strawberry shrub","Orange zest, Lemon zest","Coupe","Stir in a mixing glass with ice; strain into a coupe glass; garnish with orange and lemon zest.",""
"The Double Crown","Jeff Bell","PDT","New York","1.25 oz Compass Box Great King Street Glasgow Blend, .75 oz Lemon Juice, .5 oz Cyril Zangs Double Zero Eau de Vie de Cidre, .5 oz King's Ginger Liqueur, .5 oz Honey Syrup, 1  Egg White","Sage Leaf","Egg Coupe","Shake without ice, add ice and shake again then fine strain into a chilled egg coupe. Garnish with a Sage leaf.",""
"The Douglas Tilden","Mo Hodges Brian Felley","Benjamin Cooper","San Francisco","2 oz Junipero Gin, .5 oz Lacuesta Blanco Vermouth, .25 oz Salers Gentiane Aperitif, 1 bsp Luxardo Maraschino Liqueur, 1 bsp Germain-Robin Absinthe, 2 dash Scrappy’s Lime Bitters","Lemon Twist, Edible Flower ","Cocktail Glass","Combine all ingredients in a mixing glass with ice, stir and strain into a chilled cocktail glass. Garnish with a lemon twist and the edible flower of your choice.","Junipero Gin 20th Anniversary Signature Cocktail"
"The Dry Cruise","Jacyara de Oliveira","Rob Roy, The Hideout","Seattle","1 oz Luxardo Bitter Bianco, 1 oz Lustau Oloroso Sherry, .25 oz St. Germain, .75 oz Lemon Juice, .5 oz Honey Syrup,  top Sparkling Wine","Edible Flower, Straw","N/A","",""
"The Fall 75","Nicole Hassoun","The Gin Joint","Charleston","1 oz Junipero Gin, 1 oz Spiced kuri squash purée*, 2 dash Fresh lemon, 2 dash Honey syrup","","Coupe","Shake, strain into coupe glass. Top with sparkling wine and a sprig of lemon balm.","*Spiced kuri squash purée:

Ingredients
1 kuri squash, cubed
1 cinnamon stick
1 tsp cardamom pods
1 tsp coriander seeds
1 tsp juniper
1 tsp black pepper
2 cloves
3 cups water
.5 cup maple syrup

Instructions
Cook everything in saucepan until squash is very soft. Strain through fine mesh sieve, refrigerate. Serve or use it to make the cocktail above.


http://www.washingtonpost.com/express/wp/2014/10/16/the-gin-joints-recipe-for-a-fall-75-cocktail-from-bartender-nicole-hassoun/"
"The French Connection","John Davis","Savor Gastropub","Dallas","2 oz H by HINE, 1 oz Fresh Lemon Juice, 1 oz Demarara Simple Syrup, 4 dash Apple Bitters","Lemon Slice, Apple Slice","Coupe","Shake ingredients with ice in shaker and then double strain into a couple glass.
Top with champagne and garnish with lemon and apple slice.",""
"The Great Pumpkin Cocktail","Jackson Cannon","The Hawthorne","Boston","1 oz Pumpkin-Infused Glenrothes Vintage Reserve*, 1 oz King's Ginger Liqueur, .5 oz Fresh Lemon Juice, .5 oz Grade-A Maple Syrup (prefer McClure's)","Cinnamon","Coupe","Shake over ice and strain into a chilled cocktail coupe. Garnish with a dash of cinnamon.

*Pumpkin-Infused Glenrothes Vintage Reserve:
Peel, clean and cut small 2x2 in. pieces of sugar pumpkin. Salt very lightly and roast for about 20 mins. at 250°F. Put into a sealed container with scotch and let rest for 2 days. Strain off the pumpkin and re-bottle. Keep refrigerated.",""
"The Greatest Punch on Earth","Morgan Schick","Jupiter Olympus","San Francisco","4 oz Don Cesar Pisco, 1 oz Luxardo Triplum (Triple Sec), 4 oz Apple Cider, 2 oz Oloroso Sherry, 1 oz Sherry Vinegar,   Regans' Orange Bitters,   Angostura Bitters","","N/A","",""
"The Happy Place","Elizabeth Montana","Forgery Verso","San Francisco","2 oz Junipero Gin, .75 oz House-made Cranberry Syrup*, .5 oz Lemon Juice, .5 oz Cranberry Juice, .25 oz Lillet Blanc, 4 dash Forgery Earth Day Bitters,  mist Laphroaig","Dehydrated Lemon Wheel, Sprig of Rosemary","N/A","*House-made Cranberry syrup: 
-- 2 cups Fresh Cranberries
-- 1 cup Sugar
-- 1 cup Water
-- 2 Bay Leaves
-- .25 cup Pink Peppercorns
-- Half Serrano Chile
-- 4 Sprigs Fresh Rosemary

Add all ingredients to a pot and heat thoroughly. Simmer on low until cranberries cook down for 25 minutes. Strain and let cool.","Junipero Gin 20th Anniversary Signature Cocktail"
"The King's Medicine","Matt Grippo","Blackbird","San Francisco","1.5 oz King's Ginger Liqueur, .5 oz Luxardo Fernet, .25 oz BenRiach Curiositas Single Malt 10 YO, .75 oz Lemon Juice","Lemon Twist","Coupe","Add all ingredients into a shaker with ice, shake furiously. Fine strain into chilled coupe. Garnish with a lemon twist.",""
"The Kings Mule","Marvin Allen","Hotel Monteleone","New Orleans","1 oz King's Ginger Liqueur, 3 dash Orange Bitters, 5 oz Sparkling Wine","","Champagne Flute","Place King's Ginger and orange bitters in a Champagne flute, and top with sparkling wine. No garnish.","Featured on The Tales of the Cocktail 2016 Carousel Bar Menu"
"The Last Tango","Kim Rosselle","Trick Dog","San Francisco","1.5 oz Junipero Gin, 1 oz Giffard Elderflower Liqueur, 1 oz Lime Juice, 8-9 drops Chili Tincture*, 6  Luxardo Maraschino Cherries","Lime Wheel","Cocktail Glass","Combine the lime, elderflower, tincture and cherries into a shaker tin. Muddle the cherries and then add the Junipero Gin. Shake with ice. Double strain into a chilled cocktail glass. Garnish with a lime wheel.

*Chili Tincture:
-- Chiles (Habaneros or Bird’s eye Chiles recommended)
-- Grain Alcohol or Vodka

Fill a small jar with stemmed hot chili peppers and cover with grain alcohol or high-proof vodka. Let soak for 3 days; strain.","Junipero Gin 20th Anniversary Signature Cocktail"
"The Lover's Quarrel ","Russell Davis","Rickhouse","San Francisco","1 oz No.3 London Dry Gin, 1 oz Maurin Quina, .75 oz King's Ginger Liqueur, .5 oz Honey Jalapeño syrup, 1 oz Orange juice, .5 oz Lemon juice, 1 oz Soda water","Sliced Peaches, Jalapeños, Lemons and Oranges","N/A","Combine all ingredients into a large punch bowl and add large ice cube/cubes. Garnish liberally with slice fruits.",""
"The Naughty Nice","Sarah Manowitz","Spitfire Bar","New Orleans","1.25 oz Glenrothes Vintage Reserve, .75 oz Drambuie, 2 oz Woodchuck Pumpkin Cider, .75 oz Spiced Butter*, 3 dash Bittermens Elemakule Tiki Bitters","Chrusciki Cookie**","N/A","Heat cider to 180°F. In a 5 oz cup pour the scotch and drambuie. Add the heated cider. Stir in the spiced butter. Top with 3 drops bitters.

For the garnish, add 2 small cocktail stirrers, hang cookie off of the stirrer so that it leans off of the side of the cup.

*Spiced Butter:
-- 1 half Stick Butter
-- 1 tbsp Pumpkin Pie Spice
-- .5 tbsp Brown Sugar
-- .5 tsp Cayenne Pepper

Soften butter, add spices and mix with a spoon until all ingredients are combined.

**Chrusciki Cookies:
-- 1 c All-purpose Flour
-- 3 Egg Yolks
-- 3 tbsp Sour Cream
-- 1 tsp Vanilla Extract
-- 1 tbsp Dark Rum
-- 1 pinch Salt

Using a mixer, incorporate egg yolks into sour cream, add vanilla and rum, kneed in all-purpose flower and salt to taste.
Divide dough in half on a floured board and let rest for 20 min. Working with half the dough at a time, roll out to 1/8 in. thickness, cut into 2 in. wide strips, cut these strips on the diagonal at 4 in. intervals.
Heat 2 in. of vegetable oil in a large deep skillet to 350°F. Make a slit in the center of each strip of dough. Pull one end through the slit to form a bow.
Fry 6 Chrusciki at a time for 1 min. or less per side till golden brown.
Drain on a paper towel and dust with confectioners sugar.
",""
"The Nutty Sensation","Raul Ayala","Dirty Habit","San Francisco",".75 oz Junipero Gin, .75 oz H by HINE, .75 oz Chateau de Montifaud Pineau des Charentes Blanc, .75 oz Oloroso & Moscatel Blend*, 2 dash The Bitter Truth Xocolate Bitters, 2 dash Orange Bitters,   Walnut Oil","Dehydrated Orange","Coupe","Mix all ingredients in a tin except for the walnut oil. Utilizing the throwing technique, throw the mixture from one vessel to another vessel until chilled to air out the ingredients. Coat coupe glass with walnut oil and pour the mixture. Garnish with a dehydrated orange.

*Oloroso & Moscatel Blend:
-- 2 parts César Florido Moscatel Special
-- 1 part Lustau Oloroso Sherry

Blend ingredients.","Junipero Gin 20th Anniversary Signature Cocktail"
"The Palace Cellar","Michael Esposito","Snake Oil Company","San Diego","1.5 oz King's Ginger Liqueur, .5 oz Pink Pigeon Rum, .5 oz Fresh-pressed Lemon Juice, .5 oz Snake Oil's House-made Sarsaparilla Syrup, .75 oz Carbonated Water, 1 dash Snake Oil's House-made Pomegranate Bitters","Ginger, Lemon Wheel","Collins","Combine all ingredients in a Collins glass and stir. Garnish with a slice of ginger and lemon wheel.",""
"The Professor","Brandon Wise","Imperial","Portland","1.5 oz Nikka Coffey Grain Whisky, .75 oz Madeira, .75 oz Dolin Dry Vermouth, .25 oz Nux Alpina Walnut Nocino Liqueur, 1 dash Angostura Bitters","Orange twist","N/A","Stir, tastes great up or over a large ice cube with an orange twist.",""
"The Stand By","Vince Toscano","Rye","San Francisco","2 oz Junipero Gin, .5 oz Luxardo Bitter, 1 bsp Kalani Coconut Liqueur, 1 dash Angostura Bitters, 1 dash Peychaud's Bitters","Lemon Peel","Old Fashioned Glass","Combine all the ingredients in an old-fashioned glass. Stir on the rocks. Garnish with lemon peel.",""
"The Swedish","Zachary Brian Taylor","Ziryab","San Francisco","1.5 oz Karlsson's Gold Vodka, 1 oz Potato juice*, .5 oz Benedictine, .5 oz Lemon juice , .25 oz Cinnamon honey syrup**, 1 bsp Black pepper, .5 bsp Salt","","Rocks Glass","Juice potato and strain into a nearby usable container (must be done as close to drink making process as possible since oxidization will occur quickly). Add vodka, potato juice, lemon, Benedictine, cinnamon-honey syrup, and salt and pepper to mixing glass. Add ice, and shake and fine strain over fresh ice.","*Potato juice:
Wash potato, peel, chop, and put into a juicer

**Cinnamon honey syrup:
Cook cinnamon in hot water, strain and combine with equal parts hot water
"
"Thyme for Bed","Lisa Brier","Skyfall Lounge","Las Vegas","1.5 oz Chamucos Blanco Tequila, .5 oz Luxardo Sangue Morlacco Cherry Liqueur, .5 oz Thyme Simple Syrup, .5 oz Lime Juice","Thyme Sprig","Coupe","Shaken.",""
"Under the Sun","Brian Means","Dirty Habit","San Francisco","1.5 oz Plantation Pineapple Rum, 1 oz BarSol Perfecto Amor (Aperitif Wine), .5 oz Ancho Reyes, 3 dash House-made Roasted Banana Bitters","Orange Twist","Old Fashioned Glass","Stir with ice and strain into an old fashioned glass over small ice cubes. Garnish with an orange twist.",""
"Union Jack","Jason Patz","Union Lodge No.1","Denver",".75 oz Luxardo Maraschino Liqueur, .75 oz Green Chartreuse, .5 oz Grenadine 'Layered' Beer Back ","","N/A","",""
"Wabash Avenue Sour","Phillip Ricafort","American Oak","Alameda","2 oz Bourbon, 1 oz Fresh Lemon Juice, .5 oz Luxardo Sangue Morlacco Cherry Liqueur, .5 oz Small Hand Foods Pineapple Gum Syrup, .5 oz Egg White","Rhubarb Bitters","Coupe","Add all ingredients and dry-shake (without ice), then add ice, and shake again. Strain into coupe and garnish with rhubarb bitters.",""
"West Bank","Claire Sprouse","The Bywater","Los Gatos","1.5 oz HINE Rare VSOP, .5 oz Cynar, .5 oz Bywater Spice Mix*, 1 oz Cold-Brew Coffee","","Rocks Glass","Combine ingredients and shake with ice. Strain into a rocks glass over fresh ice. Grate nutmeg on top.

*Bywater Spice Mix: Simple syrup infused with Vietnamese cinnamon, licorice root, and clove",""
"Where's the Orgeat?","Jackie Goldstein","ABV","San Francisco","2 oz H by HINE, 1 oz Small Hand Foods Orgeat, .75 oz Lemon Juice, .5 oz Luxardo Apricot Liqueur, 3 dash Angostura Bitters","Lemon Twist","Coupe","Shake, strain into a chilled coupe. Garnish with lemon twist.","Featured on Speed Rack 2015 SF Speed City Takeover Baseball Card."
"Willow","Carl Wenger","Shady Lady Saloon","Sacramento","1 oz Old Potrero Straight Rye Whiskey, 1.5 oz BarSol Perfecto Amor (Aperitif Wine), 1 bsp Luxardo Amaro Abano, 1 dash Angostura bitters","Luxardo Cherry","Coupe","Combine all ingredients in a mixing glass, add ice and stir. Strain into a chilled coupe glass and garnish with a Luxardo Maraschino Cherry.",""
"Winter Season","Michael Blum","Bar Stella","Los Angeles","2 oz Barr Hill Honey Gin, 1 oz Lemon Juice, .25 oz Liquid Alchemist Orgeat, .25 oz Luxardo Maraschino Liqueur, 1 bsp Dijon Blue Curaçao","","Coupe","Spray the inside of the glass with absinthe, then sugar the external rim of the glass. Pour ingredients into a cocktail shaker. Shake and strain into the glass.",""
"Wooster 53","Diego Sanchez","Cocteleria","New York","1.5 oz No.3 London Dry Gin, .75 oz Grapefruit Juice, .75 oz Ginger/Cardamom/Honey Syrup*, .25 oz Lime Juice,  float Tonic Water","Grapefruit Twist","Champagne Flute","Serve in a champagne flute up to 60% full and top with tonic water up to 80% full, garnish with a grapefruit twist.

*Ginger/Cardamom/Honey Syrup:
Bring about 8 cups of water to a boil, once boiling turn off heat and add 2 cups of cardamom pods. Let sit for about 6 hours. Strain the pods out, add 1 qt (32 oz) of honey and stir until dissolved. For an added cardamom boost: place the cardamom pods with the cardamom/honey ""tea"" in a blender. Blend and press through a fine strainer so as to discard the solids but keep the flavor.",""
"Xmas in Juniper","Raul Ayala","Dirty Habit","San Francisco","1 oz Junipero Gin, .75 oz Spiced Apricot Syrup*, .5 oz House-made Orgeat, .5 oz Lemon Juice,   Egg Whites,  top Anchor Christmas Ale 2016","Marigold Flower","8 oz Glass","In a shaker mix all ingredients discarding the beer and dry shake vigorously to activate the egg whites. Add ice and shake for about 10 sec and double strain into 8 oz glass and top with beer. Garnish with a marigold flower.

*Spiced Apricot Syrup:
-- Organic Earl Grey Tea
-- Green Cardamom
-- Juniper Berries",""
"Yes, Queen!","Jacyara de Oliveira","Rob Roy","Seattle","2 oz H by HINE, 1 oz Dolin Dry Vermouth, .5 tsp Giffard Banane du Brésil, .5 tsp Honey Syrup","Lemon Peel","N/A","Served up with a lemon peel garnish.",""
"You Bet Your Ascot","Jason Rager","AQ","San Francisco","1.5 oz H by HINE, .75 oz Bonal, .5 oz Luxardo Amaro Abano, .25 oz Nocino","Orange peel","N/A","Combine all ingredients in a mixing glass. Stir until 2 oz water is diluted. Strain into a sherry or nosing glass. Flame and discard an orange peel. Drink deeply.",""
"You Go Glen Coco","Crystal Chasse","Dirty Habit","San Francisco","1.25 oz Old Potrero Straight Rye Whiskey (Toasted Coconut Infused)*, .5 oz King's Ginger Liqueur, 1.25 oz Turmeric Coconut Cream**","Turmeric Toasted Coconut Flakes","Old Fashioned Glass","Shaken slightly. Served over shaved ice in an old fashioned glass. Garnished with turmeric toasted coconut flakes.

*Toasted Coconut Infused Old Potrero
-- 750ml Old Potrero Straight Rye Whiskey
-- 2.5 oz Toasted Coconut

Combine all ingredients in a clean container and let sit for 8 hours.
Strain through cheesecloth and then funnel back into your Old Potrero bottles.
Keeps indefinitely.

**Turmeric Coconut Cream:
-- 12 g Fresh Turmeric
-- 1 c Water
-- 1 c Honey
-- 3 tsp Black Pepper
-- 12 oz Coconut Milk

Grate fresh turmeric into 1 cup water.
Bring to a boil, add 1 cup of honey and stir.
Remove from heat and let the mix sit for 1:30 hours.
Strain out turmeric and add 3 tsp. ground black pepper.
Add 12 oz. coconut milk and stir.
Place in an airtight container and keep in the fridge. Use within a week.",""
"You're Bitter Than That","Kevin Mabry","Capo Restaurant","Boston",".75 oz Blanco Tequila, .75 oz Luxardo Bitter Bianco, .75 oz Luxardo Sangue Morlacco Cherry Liqueur, .75 oz Fresh Lime Juice, .25 oz Rich Simple Syrup (2:1)","Orange Twist","Coupe","Mount all ingredients in a shaker tin. Add ice. Hard shake. Double strain into a chilled coupe glass. Garnish with orange twist.",""
"Ypioca Yellow Card","Scott Brody","Presidio Social Club","San Francisco","1.5 oz Ypioca Brasilizar Cachaca Prata Reserva Especial, .5 oz King's Ginger Liqueur, 1 oz Pineapple Juice, .5 oz Simple Syrup, 2 oz Coconut Water, 1 fill Soda Water","Pineapple Leaf","Highball Glass","Build all into highball. Fill with ice. Top with soda water. Place pineapple leaf vertically in the glass.",""
"Yuzu Sazerac","Kenta Goto","Bar Goto","New York","2 oz Nikka Coffey Grain Whisky, 2 tsp Cane Sugar Syrup, .125 tsp Yuzu-Infused Vieux Pontarlier Absinthe Francaise Superieure","","N/A","",""
